mmsi,input,destination,port_code,percent
538007250.0,EC MEC,ec mec,ECMEC,registered
374215000.0,KRKAN,krkan,KRKAN,registered
373432000.0,NZ WLG,nz wlg,NZWLG,registered
441995000.0,CL LQN,cl lqn,CLLQN,registered
440114000.0,PABLB,pablb,PABLB,registered
440292000.0,JPMIZ,jpmiz,JPMIZ,registered
477721200.0,AU/GLT,au glt,AUGLT,registered
477098300.0,HADONG,hadong,KRHDG,registered
371670000.0,"SAMCHEONPO,S.KOREA",samcheonpo s korea,KRSCP,registered
538007526.0,AU NTL,au ntl,AUNTL,registered
538007128.0,AUNTL,auntl,AUNTL,registered
538007072.0,KRYHG,kryhg,KRYCH,registered
538007479.0,KRPUS>CAVAN,cavan,CAVAN,registered
538007542.0,AUGLT,auglt,AUGLT,registered
538007091.0,NEWCASTLE AUS,newcastle aus,AUNTL,registered
441402000.0,KRKPO-AUABP,krkpo auabp,AUABP,registered
441642000.0,AUTSV,autsv,AUTSV,registered
538007318.0,DANGJIN,dangjin,KRTJI,registered
371173000.0,AUDEB,audeb,AUDEB,registered
441429000.0,KR INC,kr inc,KRINC,registered
538005895.0,JPAFG,jpafg,JPAFG,registered
357017000.0,"VANINO,RU",vanino ru,RUVNN,registered
440364000.0,JP TMK,jp tmk,JPTMK,registered
312504000.0,JP HIC,jp hic,JPHIC,registered
538005520.0,JP  SKT,jp skt,JPSKT,registered
373126000.0,>JP NAO,jp nao,JPNAO,registered
441875000.0,JP SMZ,jp smz,JPSMZ,registered
441507000.0,JP FKY,jp fky,JPFKY,registered
441845000.0,JP FNB,jp fnb,JPFNB,registered
440917000.0,>JP CHB OFF,jp chb off,JPCHB,registered
441942000.0,>JP KWS OFF,jp kws off,JPKWS,registered
440066000.0,JP/ICHIKAWA/OFF,jp ichikawa off,JPICK,registered
440157000.0,KR USN/WM,kr usn wm,KRUSN,registered
440864000.0,JP YOK Y-1 OFF,jp yok y 1 off,JPYOK,registered
440056000.0,JP NGO/E,jp ngo e,JPNGO,registered
352986169.0,JPUKB,jpukb,JPUKB,registered
441568000.0,JP UKB P2,jp ukb p2,JPUKB,registered
440748000.0,JP OSA,jp osa,JPOSA,registered
440883000.0,JP SBK,jp sbk,JPSBK,registered
441279000.0,KR INC/WM,kr inc wm,KRINC,registered
441765000.0,>JP OSA H,jp osa h,JPOSA,registered
636021605.0,JP NGO,jp ngo,JPNGO,registered
441818000.0,JP SGM,jp sgm,JPSGM,registered
440686000.0,BUSAN_KR,busan kr,KRPUS,registered
312122000.0,JP OSAKA,jp osaka,JPOSA,registered
352200000.0,AU NTL,au ntl,AUNTL,registered
373143000.0,"YONGHUNG,S.KOREA",yonghung s korea,KRYCH,registered
372290000.0,US PDX   ,us pdx,USPDX,registered
440833000.0,JP FKY AS,jp fky as,JPFKY,registered
441192000.0,RU NJK,ru njk,RUNJK,registered
441183000.0,KR KPO,kr kpo,KRKPO,registered
351690000.0,AUHPT,auhpt,AUHPT,registered
273299190.0,VLADIVOSTOK,vladivostok,RUFIP,registered
351798000.0,ZUH-CN,zuh cn,CNZUH,registered
441261000.0,JP TXD OFF,jp txd off,JPTXD,registered
538009711.0,JP KND,jp knd,JPKND,registered
440120000.0,JPHSM,jphsm,JPHSM,registered
440051000.0,>KR MAS,kr mas,KRMAS,registered
441037000.0,JP TKM/AS,jp tkm as,JPTKM,registered
312121000.0,KR KPO,kr kpo,KRKPO,registered
374716000.0,"KWAN,KOR",kwan kor,KRKWA,registered
441286000.0,KR TGH,kr tgh,KRTGH,registered
441287000.0,TGH KR,tgh kr,KRTGH,registered
371613000.0,KR KPO OPL,kr kpo opl,KRKPO,registered
440296000.0,KR KPO,kr kpo,KRKPO,registered
441280000.0,KR USN,kr usn,KRUSN,registered
440030000.0,>KR KPO,kr kpo,KRKPO,registered
440346000.0,KR PUS,kr pus,KRPUS,registered
538003998.0,KR_USN,kr usn,KRUSN,registered
636021329.0,BUSAN,busan,KRPUS,registered
441086000.0,KR KPO,kr kpo,KRKPO,registered
353861000.0,KR KAN,kr kan,KRKAN,registered
441300000.0,JP SMN,jp smn,JPSMN,registered
370808000.0,KR USN,kr usn,KRUSN,registered
441772000.0,KR PUS,kr pus,KRPUS,registered
273298570.0,RU VYP>KR PUS,kr pus,KRPUS,registered
538005333.0,KR USN=>KR MAS,kr mas,KRMAS,registered
353937000.0,KR MAS,kr mas,KRMAS,registered
352339000.0,KR BSN,kr bsn,KRPUS,registered
354667000.0,KRKPO,krkpo,KRKPO,registered
440726000.0,CN YANTAI,cn yantai,CNYAT,registered
441703000.0,OKPO KOREA,okpo korea,KROKP,registered
440123000.0,KR MOKPO,kr mokpo,KRMOK,registered
374522000.0,KRHDG,krhdg,KRHDG,registered
441876000.0,KR KAN,kr kan,KRKAN,registered
441301000.0,KWANGYANG,kwangyang,KRKWA,registered
351577000.0,CNTAO,cntao,CNTAO,registered
538004893.0,KRPUS,krpus,KRPUS,registered
352170000.0,AUNTL,auntl,AUNTL,registered
372783000.0,KRKAN,krkan,KRKAN,registered
538007249.0,KR KAN,kr kan,KRKAN,registered
440366000.0,KR KAN,kr kan,KRKAN,registered
441571000.0,KR KAN OFF,kr kan off,KRKAN,registered
441777000.0,CNHKG,cnhkg,HKHKG,registered
440977000.0,KR KAN,kr kan,KRKAN,registered
440601000.0,KR KAN,kr kan,KRKAN,registered
477814700.0,KR KAN,kr kan,KRKAN,registered
440401000.0,KR KAN,kr kan,KRKAN,registered
229900000.0,KR YOS,kr yos,KRYOS,registered
440166000.0,KR KAN,kr kan,KRKAN,registered
572856210.0,VN DAD,vn dad,VNDAD,registered
351629000.0,KRKAN,krkan,KRKAN,registered
374382000.0,AU PHE,au phe,AUPHE,registered
538007485.0,IDJKT>KRBUS,krbus,KRPUS,registered
440913000.0,"YEONGHEUNG,KR",yeongheung kr,KRYCH,registered
374923000.0,KRYHG,kryhg,KRYCH,registered
370137000.0,KR PTK,kr ptk,KRPTK,registered
441628000.0,ICN KR,icn kr,KRICN,registered
441607000.0,DONGHAE.KR,donghae kr,KRMUK,registered
372357000.0,KR_PTK,kr ptk,KRPTK,registered
538006760.0,AUNTL,auntl,AUNTL,registered
477142300.0,KR PTK,kr ptk,KRPTK,registered
538007247.0,KR TAN,kr tan,KRTAN,registered
538006365.0,KR_BOR,kr bor,KRBOR,registered
441716000.0,JP FKY E,jp fky e,JPFKY,registered
374471000.0,KRBOR,krbor,KRBOR,registered
440009810.0,GUNSAN,gunsan,KRKUV,registered
357802000.0,KR KUV,kr kuv,KRKUV,registered
441997000.0,RU NJK,ru njk,RUNJK,registered
441503000.0,KR PTK,kr ptk,KRPTK,registered
440876000.0,CN RGC,cn rgc,CNRGC,registered
351355000.0,KR KAN,kr kan,KRKAN,registered
441377000.0,GENERAL SANTOS,general santos,PHGES,registered
441720000.0,GENERAL SANTOS,general santos,PHGES,registered
372700000.0,SINGAPORE,singapore,SGSIN,registered
538005791.0,SGSIN PEBGC,sgsin pebgc,SGSIN,registered
538007135.0,"PORT HEDLAND,AUS",port hedland aus,AUPHE,registered
351745000.0,KRKAN,krkan,KRKAN,registered
441776000.0,KR MASAN,kr masan,KRMAS,registered
441120000.0,CNXIN,cnxin,CNXIN,registered
538005313.0,CN SHA,cn sha,CNSHA,registered
311000685.0,KR MOK,kr mok,KRMOK,registered
441283000.0,VN HPH,vn hph,VNHPH,registered
356345000.0,CN NSA,cn nsa,CNNSA,registered
357247000.0,SG SIN (PEBGA),sg sin pebga,SGSIN,registered
538008303.0,"SHANGHAI,CHINA",shanghai china,CNSGH,registered
538008867.0,CNMJS,cnmjs,CNMJS,registered
441200000.0,CLLQN,cllqn,CLLQN,registered
372457000.0,NZ TRG,nz trg,NZTRG,registered
441151000.0,PABLB,pablb,PABLB,registered
441548000.0,NZLYT,nzlyt,NZLYT,registered
440222000.0,TARAWA,tarawa,KITRW,registered
441923000.0,KI TRW,ki trw,KITRW,registered
538005938.0,AUBNE,aubne,AUBNE,registered
371820000.0,JP MOJ,jp moj,JPMOJ,registered
370552000.0,JP OSA,jp osa,JPOSA,registered
305177000.0,AU BNE,au bne,AUBNE,registered
440170000.0,PG RAB,pg rab,PGRAB,registered
441258000.0,RABAUL/PNG,rabaul png,PGRAB,registered
441723000.0,RABAUL/PNG,rabaul png,PGRAB,registered
440097000.0,PG RAB,pg rab,PGRAB,registered
441822000.0,PG RAB,pg rab,PGRAB,registered
355693000.0,NEWCASTLE,newcastle,AUNTL,registered
370155000.0,AUGLT,auglt,AUGLT,registered
354161000.0,AU_GLT,au glt,AUGLT,registered
441824000.0,AU GLT,au glt,AUGLT,registered
373346000.0,"NEWCASTLE, AUS",newcastle aus,AUNTL,registered
636092986.0,AUSYD,ausyd,AUSYD,registered
370978000.0,"KWANGYANG,KOREA",kwangyang korea,KRKWA,registered
538007439.0,CL SAI>KR MAS,kr mas,KRMAS,registered
353915000.0,KRBOR,krbor,KRBOR,registered
370285000.0,JP KUH,jp kuh,JPKUH,registered
373727000.0,AUNTL,auntl,AUNTL,registered
440112000.0,KRPUS,krpus,KRPUS,registered
440760000.0,JP KSM NE,jp ksm ne,JPKSM,registered
441848000.0,RU VNN,ru vnn,RUVNN,registered
374348000.0,VANINO,vanino,RUVNN,registered
372850000.0,CN LYG,cn lyg,CNLYG,registered
305141000.0,HAIKOU,haikou,CNHAK,registered
440098000.0,JP FNB OFF AS,jp fnb off as,JPFNB,registered
441805000.0,JP YOK HM,jp yok hm,JPYOK,registered
440711000.0,JP YOK OFF,jp yok off,JPYOK,registered
356434000.0,>JP FNB OFF,jp fnb off,JPFNB,registered
440008100.0,JP KZU,jp kzu,JPKZU,registered
440043000.0,JP FNB,jp fnb,JPFNB,registered
374148000.0,AU GLT,au glt,AUGLT,registered
353059000.0,JPTOS,jptos,JPTOS,registered
538005519.0,JP IMI,jp imi,JPIMI,registered
357347000.0,ULSAN,ulsan,KRUSN,registered
355222000.0,JP KNZ,jp knz,JPKNZ,registered
441743000.0,JP KNZ,jp knz,JPKNZ,registered
312469000.0,JP NGO,jp ngo,JPNGO,registered
538008559.0,JP YKK,jp ykk,JPYKK,registered
441257000.0,BORYEONG S.KOREA,boryeong s korea,KRBOR,registered
440802000.0,>JP OSA OFF,jp osa off,JPOSA,registered
441197000.0,JP SBK OFF,jp sbk off,JPSBK,registered
441632000.0,KR PUS,kr pus,KRPUS,registered
440784000.0,>JP OSA OFF,jp osa off,JPOSA,registered
441246000.0,KR BSN/WA F13,kr bsn wa f13,KRPUS,registered
440674000.0,>JP FNB E,jp fnb e,JPFNB,registered
373116000.0,AU HPT,au hpt,AUHPT,registered
477978300.0,RU VYP,ru vyp,RUVYP,registered
538004891.0,JPIHA,jpiha,JPIHA,registered
441966000.0,>JP MIZ FT,jp miz ft,JPMIZ,registered
441973000.0,JP MIZ TS,jp miz ts,JPMIZ,registered
441158000.0,JP MIZ,jp miz,JPMIZ,registered
441107000.0,JP IMB,jp imb,JPIMB,registered
312889000.0,RU NAKHODKA,ru nakhodka,RUNJK,registered
440142000.0,KR PUS OFF,kr pus off,KRPUS,registered
441418000.0,SHIMIZU,shimizu,JPSMZ,registered
375246000.0,RU VVO,ru vvo,RUVVO,registered
374772000.0,RU VVO,ru vvo,RUVVO,registered
671193100.0,JP FUSHIKI,jp fushiki,JPFSK,registered
440199000.0,JP FTX,jp ftx,JPFTX,registered
440273000.0,JPOIT,jpoit,JPOIT,registered
441717000.0,KR BSN WA,kr bsn wa,KRPUS,registered
441957000.0,KRTGH,krtgh,KRTGH,registered
374936000.0,KRKAN,krkan,KRKAN,registered
441609000.0,SAMCHEONPO,samcheonpo,KRSCP,registered
374985000.0,KR TGH,kr tgh,KRTGH,registered
441956000.0,KR PUS,kr pus,KRPUS,registered
371954000.0,KRKPO,krkpo,KRKPO,registered
441508000.0,TGH KR,tgh kr,KRTGH,registered
371179000.0,NJK/RU,njk ru,RUNJK,registered
441077000.0,KR TGH,kr tgh,KRTGH,registered
372409000.0,"POHANG,KR",pohang kr,KRKPO,registered
312123000.0,RU VNN,ru vnn,RUVNN,registered
440119000.0,KRPUS,krpus,KRPUS,registered
538007311.0,KR PUS,kr pus,KRPUS,registered
370950000.0,KR KPO,kr kpo,KRKPO,registered
440335000.0,KR PUS,kr pus,KRPUS,registered
440550000.0,KR PUS,kr pus,KRPUS,registered
312331000.0,KR PUS,kr pus,KRPUS,registered
440017000.0,KR PUS,kr pus,KRPUS,registered
441236000.0,KR PUS AS,kr pus as,KRPUS,registered
440217000.0,KR BUSAN,kr busan,KRPUS,registered
440567000.0,KR KPO,kr kpo,KRKPO,registered
440901000.0,KR USN/WA,kr usn wa,KRUSN,registered
440904000.0,KR_PUS,kr pus,KRPUS,registered
441631000.0,KR PUS,kr pus,KRPUS,registered
636020108.0,KR USN,kr usn,KRUSN,registered
356911000.0,RU_SHA__,ru sha,RUSHA,registered
373438000.0,IN KRI,in kri,INKRI,registered
353653000.0,KR BSN MN,kr bsn mn,KRPUS,registered
440709800.0,BUSAN,busan,KRPUS,registered
440024420.0,MASAN,masan,KRMAS,registered
441411000.0,KR BSN,kr bsn,KRPUS,registered
355777000.0,KR MAS,kr mas,KRMAS,registered
355120000.0,AUNTL,auntl,AUNTL,registered
441111000.0,AUSYD,ausyd,AUSYD,registered
441473000.0,TARAWA,tarawa,KITRW,registered
355307000.0,KRKAN,krkan,KRKAN,registered
440870000.0,GWANGYANG,gwangyang,KRKAN,registered
538007488.0,AUPHE,auphe,AUPHE,registered
441228000.0,KR KAN,kr kan,KRKAN,registered
312009000.0,KR GWANGYANG,kr gwangyang,KRKAN,registered
441745000.0,KR KAN OFF,kr kan off,KRKAN,registered
440716000.0,KR KAN,kr kan,KRKAN,registered
440160000.0,>KR KAN/WA,kr kan wa,KRKAN,registered
440546000.0,"KR,KAN",kr kan,KRKAN,registered
441332000.0,KR KAN/AS,kr kan as,KRKAN,registered
441746000.0,KR YOS,kr yos,KRYOS,registered
352274000.0,PEBGA  SINGPORE,pebga singpore,SGSIN,registered
353367000.0,KRPDJ,krpdj,KRPDJ,registered
356970000.0,KR INCHEON,kr incheon,KRINC,registered
440868000.0,>KR INC OFF,kr inc off,KRINC,registered
354440000.0,INCHEON,incheon,KRINC,registered
354199000.0,KRPDJ,krpdj,KRPDJ,registered
441914000.0,KR INC OFF,kr inc off,KRINC,registered
441405000.0,=>KR INC OFF/MN,kr inc off mn,KRINC,registered
441416000.0,"GLADSTONE,AU",gladstone au,AUGLT,registered
636018845.0,"DANGJIN,S-KOREA",dangjin s korea,KRTJI,registered
370216000.0,KRPDJ,krpdj,KRPDJ,registered
538005044.0,KR DJN,kr djn,KRDJN,registered
441999000.0,KR PTK,kr ptk,KRPTK,registered
373682000.0,KR TJI,kr tji,KRTJI,registered
538005981.0,KRKAN->KRPTK,krptk,KRPTK,registered
440759000.0,>KR-INC,kr inc,KRINC,registered
440161000.0,KRUSN>KRMOK,krmok,KRMOK,registered
441788000.0,PH MNL,ph mnl,PHMNL,registered
538005864.0,VN HPH,vn hph,VNHPH,registered
354534000.0,AU DAMPIER,au dampier,AUDAM,registered
353267000.0,PORT WALCOTT AUS.,port walcott aus,AUPWL,registered
538008098.0,"PORT HEDLAND,AUS",port hedland aus,AUPHE,registered
538007811.0,BORYEONG,boryeong,KRBOR,registered
441271000.0,KR PUS,kr pus,KRPUS,registered
440710000.0,KR KAN OFF,kr kan off,KRKAN,registered
440379000.0,SG PEBGC,sg pebgc,SGSIN,registered
375237000.0,KR INC,kr inc,KRINC,registered
441883000.0,CNSHA,cnsha,CNSHA,registered
357527000.0,CN_FOC,cn foc,CNFOC,registered
477220700.0,ID BAH,id bah,IDBAH,registered
374232000.0,LONGYAN,longyan,CNLGY,registered
351250000.0,CNSHD,cnshd,CNSHD,registered
356065000.0,SHIDAO,shidao,CNSHD,registered
356429000.0,CNTAO > KRPUS,krpus,KRPUS,registered
373672000.0,CN TAO,cn tao,CNTAO,registered
538007547.0,KR PUS,kr pus,KRPUS,registered
414541000.0,JINZHOU,jinzhou,CNJNZ,registered
351866000.0,SHANGHAI,shanghai,CNSGH,registered
370006000.0,QIDONG,qidong,CNQDG,registered
351297000.0,CNYSN,cnysn,CNYSN,registered
371671000.0,CN ZOS,cn zos,CNZOS,registered
370184000.0,ZHOU SHAN,zhou shan,CNZOS,registered
441872000.0,NGB CN,ngb cn,CNNGB,registered
414613000.0,ZHOU SHAN,zhou shan,CNZOS,registered
636020614.0,CN NBG,cn nbg,CNNBG,registered
441190000.0,CN ZOS,cn zos,CNZOS,registered
477150900.0,MY PKG,my pkg,MYPKG,registered
538008115.0,AUPHE,auphe,AUPHE,registered
441953000.0,INCHEON<=>WEIHAI,incheon weihai,CNWEI,registered
351347000.0,CN SHD,cn shd,CNSHD,registered
441357000.0,CNWEI,cnwei,CNWEI,registered
357622000.0,CN SHD,cn shd,CNSHD,registered
354458000.0,SHIDAO,shidao,CNSHD,registered
441701000.0,CNSHD,cnshd,CNSHD,registered
352898731.0,SHIDAO,shidao,CNSHD,registered
440629000.0,CN CJK OFF,cn cjk off,CNCJK,registered
440702000.0,CN NGB,cn ngb,CNNGB,registered
354090000.0,>CN TAC,cn tac,CNTAC,registered
441143000.0,CN CGS,cn cgs,CNCGS,registered
372399000.0,CN ZOS,cn zos,CNZOS,registered
636019807.0,CN ZOS,cn zos,CNZOS,registered
441902000.0,CNNBO,cnnbo,CNNBO,registered
538004711.0,ZHOU SHAN,zhou shan,CNZOS,registered
355709000.0,JPTBT,jptbt,JPTBT,registered
355685000.0,TW KHH,tw khh,TWKHH,registered
440417000.0,KRTEN,krten,KRTEN,registered
351203000.0,IDBPN,idbpn,IDBPN,registered
353540000.0,ID BAH,id bah,IDBAH,registered
477311800.0,CN BYQ,cn byq,CNBAY,registered
538006494.0,JINZHOU,jinzhou,CNJNZ,registered
477118100.0,CN DALIAN,cn dalian,CNDLC,registered
441950000.0,CN YNT,cn ynt,CNYNT,registered
441960000.0,CN YNT,cn ynt,CNYNT,registered
441030000.0,KR KUV,kr kuv,KRKUV,registered
352986165.0,CN QDG,cn qdg,CNQDG,registered
441934000.0,CNTAO,cntao,CNTAO,registered
440473000.0,CN_TAO OFF,cn tao off,CNTAO,registered
440127000.0,CN TAG,cn tag,CNTAG,registered
413830204.0,SHANGHAI,shanghai,CNSGH,registered
440016380.0,GEOJE,geoje,KRJGE,registered
440375000.0,KR PUS,kr pus,KRPUS,registered
352382000.0,CN  NKG,cn nkg,CNNKG,registered
351968000.0,CNTAO,cntao,CNTAO,registered
636018058.0,CNTAO,cntao,CNTAO,registered
441452000.0,JP FKY OFF,jp fky off,JPFKY,registered
370708000.0,TW TXG,tw txg,TWTXG,registered
441366000.0,KR BUSAN,kr busan,KRPUS,registered
352898000.0,TW KHH,tw khh,TWKHH,registered
373082000.0,MAI-LIAO,mai liao,TWMLI,registered
371484000.0,CN SHK > PH MNL,ph mnl,PHMNL,registered
355462000.0,CNZ ZOS>PH MNL,ph mnl,PHMNL,registered
441896000.0,KAOHSIUNG,kaohsiung,TWKHH,registered
373988000.0,SINGAPORE,singapore,SGSIN,registered
538007484.0,PHMNL,phmnl,PHMNL,registered
440253000.0,PH MNL,ph mnl,PHMNL,registered
538006710.0,KRSCP,krscp,KRSCP,registered
538008558.0,"ADANG BAY,INDONESIA",adang bay indonesia,IDADB,registered
636019803.0,TW MLI,tw mli,TWMLI,registered
441482000.0,CN JTG,cn jtg,CNJTG,registered
441487000.0,CNSHH,cnshh,CNSHH,registered
373137000.0,"QINHUANGDAO, CN",qinhuangdao cn,CNSHP,registered
312291000.0,CN LYG,cn lyg,CNLYG,registered
351460000.0,CN LSN,cn lsn,CNLSN,registered
440067000.0,"LIANYUNGANG,CN",lianyungang cn,CNLYG,registered
351409000.0,"RIZHAO,CHINA",rizhao china,CNRZH,registered
304726000.0,CN LYG,cn lyg,CNLYG,registered
441131000.0,CN LYG,cn lyg,CNLYG,registered
440363000.0,"LIANYUNGANG, CN",lianyungang cn,CNLYG,registered
419001672.0,NANJING,nanjing,CNNJI,registered
636020257.0,NZTRG,nztrg,NZTRG,registered
352578000.0,MNL PH,mnl ph,PHMNL,registered
636021312.0,CN.HUH,cn huh,CNHUH,registered
372623000.0,ID BPN,id bpn,IDBPN,registered
370640000.0,CNRZH,cnrzh,CNRZH,registered
357280000.0,CNTAO,cntao,CNTAO,registered
636020138.0,BD CGP,bd cgp,BDCGP,registered
538008835.0,CNNGB,cnngb,CNNGB,registered
374874000.0,CN XMN,cn xmn,CNXMN,registered
440014000.0,KI TRW,ki trw,KITRW,registered
441437000.0,CLMJS,clmjs,CLMJS,registered
440151000.0,USLAX,uslax,USLAX,registered
636014224.0,KRBUS,krbus,KRPUS,registered
372722000.0,XIAMEN/CHINA,xiamen china,CNHHT,registered
636016900.0,YEOSU,yeosu,KRYOS,registered
441951000.0,TAICHUNG/TAIWAN,taichung taiwan,TWTXG,registered
525200866.0,CILACAP,cilacap,IDCXP,registered
352148000.0,TH LCH,th lch,THLCH,registered
538008560.0,ID ADB,id adb,IDADB,registered
353326000.0,CN TXG,cn txg,CNTXG,registered
373528000.0,AU PHE,au phe,AUPHE,registered
440371000.0,CN TA0,cn ta0,CNTAO,registered
636013718.0,RUSSIA/SHAKHTERSK,russia shakhtersk,RUSHA,registered
636015465.0,JP YOK XX SHN,jp yok xx shn,JPSHN,registered
440358000.0,JP TYO S,jp tyo s,JPTYO,registered
440022000.0,KRPUS_>CAVAN,cavan,CAVAN,registered
538007548.0,JP TYO S,jp tyo s,JPTYO,registered
440349000.0,KR KAN WA,kr kan wa,KRKAN,registered
372023000.0,RU VYP,ru vyp,RUVYP,registered
441733000.0,KR PUSAN,kr pusan,KRPUS,registered
370206000.0,JP TKY,jp tky,JPTKY,registered
440128230.0,KR TGH,kr tgh,KRTGH,registered
373738000.0,"POHANG,KOREA",pohang korea,KRKPO,registered
441981000.0,CNSHA,cnsha,CNSHA,registered
538005897.0,KRPUS,krpus,KRPUS,registered
440139000.0,KR PUS,kr pus,KRPUS,registered
354920000.0,AUNTL,auntl,AUNTL,registered
371369000.0,KR INC,kr inc,KRINC,registered
440572000.0,KRKAN,krkan,KRKAN,registered
441980000.0,MANILA,manila,PHMNL,registered
477581100.0,CNSHA,cnsha,CNSHA,registered
441674000.0,CN COZ,cn coz,CNCOZ,registered
538007528.0,KRSCP,krscp,KRSCP,registered
441502000.0,KOREA KWANGYANG,korea kwangyang,KRKWA,registered
627256000.0,>KR PUS,kr pus,KRPUS,registered
355649000.0,ID JKT,id jkt,IDJKT,registered
538003234.0,"TANJUNG BARA,ID",tanjung bara id,IDTBA,registered
440065000.0,KR PUS,kr pus,KRPUS,registered
538004525.0,IDSRI,idsri,IDSRI,registered
441686000.0,MUARA BERAU,muara berau,IDMUB,registered
636018097.0,CNTAO,cntao,CNTAO,registered
440585000.0,KR KAN,kr kan,KRKAN,registered
440278000.0,KR INC,kr inc,KRINC,registered
374811000.0,SAMARINDA,samarinda,IDSRI,registered
440059000.0,VNHPH,vnhph,VNHPH,registered
373407000.0,KR PUS,kr pus,KRPUS,registered
355067000.0,AUPWL,aupwl,AUPWL,registered
440884000.0,BALIKPAPAN,balikpapan,IDBPN,registered
413283880.0,CEBU,cebu,PHCEB,registered
441747000.0,SGSIN,sgsin,SGSIN,registered
440764000.0,CN YSA,cn ysa,CNYSA,registered
352001086.0,CNSHA,cnsha,CNSHA,registered
373128000.0,CN SWA,cn swa,CNSWA,registered
636017973.0,CNSHA,cnsha,CNSHA,registered
440141000.0,CNSHD,cnshd,CNSHD,registered
373079000.0,QINGDAO,qingdao,CNTAO,registered
441421000.0,CNSHA,cnsha,CNSHA,registered
440414000.0,IDBPN,idbpn,IDBPN,registered
538007527.0,CN ZOS,cn zos,CNZOS,registered
373752000.0,KRKAN>MYPGU,mypgu,MYPGU,registered
525106002.0,SURALAYA,suralaya,IDCGN,registered
636018237.0,CN NGB,cn ngb,CNNGB,registered
352978125.0,CN NGB,cn ngb,CNNGB,registered
353090000.0,JPHKT,jphkt,JPHKT,registered
636020228.0,DAMPIER,dampier,AUDAM,registered
441222000.0,CNZOS,cnzos,CNZOS,registered
353379000.0,MY TLA,my tla,MYTLA,registered
636021651.0,PORT HEDLAND,port hedland,AUPHE,registered
373021000.0,HKHKG,hkhkg,HKHKG,registered
305078000.0,AU FRE,au fre,AUFRE,registered
538008834.0,CNSHK,cnshk,CNSHK,registered
538005291.0,CN DLC,cn dlc,CNDLC,registered
441954000.0,KARIMUN INDONESIA,karimun indonesia,IDOKA,registered
538090588.0,CNSHK,cnshk,CNSHK,registered
441702000.0,"SHANGHAI,CHINA",shanghai china,CNSGH,registered
353910000.0,CN NKG,cn nkg,CNNKG,registered
374517000.0,IDTAB,idtab,IDTAB,registered
371120000.0,TABONEO.INDONESIA,taboneo indonesia,IDTAB,registered
538007486.0,CNSHA,cnsha,CNSHA,registered
477002300.0,CN SHA,cn sha,CNSHA,registered
636020254.0,CNNGB,cnngb,CNNGB,registered
636014222.0,CNNGB,cnngb,CNNGB,registered
353534000.0,TW MLI,tw mli,TWMLI,registered
353201000.0,"HUA,CN",hua cn,CNHUA,registered
636018036.0,SHANGHAI,shanghai,CNSGH,registered
441266000.0,CN TAO,cn tao,CNTAO,registered
241311000.0,CNTAO,cntao,CNTAO,registered
374091000.0,CN TAO,cn tao,CNTAO,registered
636017710.0,SUBIC BAY,subic bay,PHSFS,registered
352898758.0,ID JKT,id jkt,IDJKT,registered
215080000.0,CN PUT,cn put,CNPUT,registered
372856000.0,SPORE,spore,SGSIN,registered
353654000.0,CN DONGGUAN,cn dongguan,CNDGG,registered
441252000.0,CNSHA,cnsha,CNSHA,registered
477814100.0,PORT HEDLAND,port hedland,AUPHE,registered
538005686.0,CNSHK,cnshk,CNSHK,registered
538009373.0,SHEKOU,shekou,CNHAT,registered
351878000.0,SAMARINDA_INDONESIA,samarinda indonesia,IDSRI,registered
441398000.0,CNNSA > CNYTN,cnytn,CNYTN,registered
412786000.0,PYEONGTAEK,pyeongtaek,KRPTK,registered
538006714.0,ID-BUT,id but,IDBUT,registered
351178000.0,SINGAPORE,singapore,SGSIN,registered
372009000.0,CN LGY,cn lgy,CNLGY,registered
441790000.0,GUNSAN / KOREA,gunsan korea,KRKUV,registered
441248000.0,CNDCB,cndcb,CNDCB,registered
374796000.0,GUANGZHOU.CHINA,guangzhou china,CNGGZ,registered
636018035.0,SGSIN,sgsin,SGSIN,registered
572852210.0,CN HMN,cn hmn,CNHMN,registered
441885000.0,KR KAN,kr kan,KRKAN,registered
636018098.0,VNSGN,vnsgn,VNSGN,registered
440761000.0,CN HKG,cn hkg,HKHKG,registered
525100704.0,SURABAYA,surabaya,IDSUB,registered
441933000.0,SINGAPORE PEBGA,singapore pebga,SGSIN,registered
440562000.0,CN XMN,cn xmn,CNXMN,registered
441174000.0,VNSGN,vnsgn,VNSGN,registered
351272000.0,SGSIN PWBGA,sgsin pwbga,SGSIN,registered
440147000.0,CN SHEKOU,cn shekou,CNSHK,registered
636019088.0,CNYAT,cnyat,CNYAT,registered
440838000.0,"JAKARTA,INDONESIA",jakarta indonesia,IDJKT,registered
563133900.0,SGSIN PWBGA,sgsin pwbga,SGSIN,registered
441726000.0,CN FAN,cn fan,CNFAN,registered
370012000.0,BATAM ID,batam id,IDBTH,registered
440190000.0,VN SGN,vn sgn,VNSGN,registered
538004895.0,VN SGN,vn sgn,VNSGN,registered
351702000.0,VN_HPH,vn hph,VNHPH,registered
352920000.0,TARAKAN ID,tarakan id,IDTRK,registered
352980799.0,IDSUB,idsub,IDSUB,registered
538004894.0,THBKK,thbkk,THBKK,registered
636019087.0,LKCMB,lkcmb,LKCMB,registered
440095000.0,TH KSI,th ksi,THKSI,registered
441553000.0,TH_SRI,th sri,THSRI,registered
373122000.0,IN MUN,in mun,INMUN,registered
374102000.0,SGSIN PWBGA,sgsin pwbga,SGSIN,registered
563055100.0,BDCGP,bdcgp,BDCGP,registered
341973000.0,KAKINADA,kakinada,INKAK,registered
440062000.0,INKAT>INNSA,innsa,INNSA,registered
353111000.0,INNSA,innsa,INNSA,registered
538006933.0,CN ZHA,cn zha,CNZHA,registered
312130000.0,HK HKG,hk hkg,HKHKG,registered
538007481.0,SGSIN,sgsin,SGSIN,registered
636019617.0,INNSA,innsa,INNSA,registered
667001897.0,MUNDRA,mundra,INMUN,registered
305513000.0,REPDG,repdg,REPDG,registered
440467000.0,SG SIN,sg sin,SGSIN,registered
636015019.0,INNSA,innsa,INNSA,registered
636018502.0,INCOK,incok,INCOK,registered
538005205.0,NANSHA.CHINA,nansha china,CNNSA,registered
636018594.0,BHBAH,bhbah,BHBAH,registered
371157000.0,SB HIR,sb hir,SBHIR,registered
440655000.0,INC KR,inc kr,KRINC,registered
538008836.0,CN NSA,cn nsa,CNNSA,registered
636014455.0,CN RZH,cn rzh,CNRZH,registered
525015934.0,KABIL-BATAM,kabil batam,IDBTM,registered
563015700.0,ID/KENDAWANGAN,id kendawangan,IDKDW,registered
354830000.0,"QINZHOU,CHINA",qinzhou china,CNQZH,registered
353848000.0,SGSIN PEBGA,sgsin pebga,SGSIN,registered
440280000.0,CN QZH,cn qzh,CNQZH,registered
414595000.0,FANGCHENG,fangcheng,CNFAN,registered
636018744.0,AEKHL,aekhl,AEKHL,registered
371399000.0,CN NBG,cn nbg,CNNBG,registered
440174000.0,SGSIN-CNTAO,sgsin cntao,CNTAO,registered
374238000.0,KRHDG,krhdg,KRHDG,registered
477389500.0,SGSIN,sgsin,SGSIN,registered
636019584.0,VN DAD,vn dad,VNDAD,registered
671644000.0,DAMMAM,dammam,SADMM,registered
441783000.0,TW HUN,tw hun,TWHUN,registered
574005030.0,VN VUT,vn vut,VNVUT,registered
354529000.0,VN SGN,vn sgn,VNSGN,registered
538007364.0,KRYOS,kryos,KRYOS,registered
441469000.0,"SDK,MY",sdk my,MYSDK,registered
538005896.0,VN HPH,vn hph,VNHPH,registered
538007487.0,KRBUS,krbus,KRPUS,registered
538008859.0,VN HPH,vn hph,VNHPH,registered
440875000.0,>CN YNT,cn ynt,CNYNT,registered
355674000.0,VN HPH,vn hph,VNHPH,registered
440037000.0,CN YNT,cn ynt,CNYNT,registered
636092913.0,CN JNZ,cn jnz,CNJNZ,registered
441394000.0,CN LYG,cn lyg,CNLYG,registered
374065000.0,"LIANYUNGANG,CHINA",lianyungang china,CNLYG,registered
538005657.0,SAJED,sajed,SAJED,registered
371929000.0,EGSUZ,egsuz,EGSUZ,registered
538004778.0,"LUMUT,MALAYSIA",lumut malaysia,MYLUM,registered
312853000.0,VN SGN,vn sgn,VNSGN,registered
440391000.0,CHANGSHU,changshu,CNCGU,registered
352001323.0,SA KAC>SD PZU,sd pzu,SDPZU,registered
357482000.0,JKT ID,jkt id,IDJKT,registered
312803000.0,CN QZH,cn qzh,CNQZH,registered
351907000.0,CNLYG,cnlyg,CNLYG,registered
441475000.0,>JP OIT,jp oit,JPOIT,registered
477721500.0,CN JIA,cn jia,CNJIA,registered
441612000.0,"SHIHU,CHINA",shihu china,CNSHU,registered
351761000.0,TANJUNG BUYUT/ID,tanjung buyut id,IDTAN,registered
356354000.0,SGSIN,sgsin,SGSIN,registered
353851000.0,SG SIN>KH KOS,kh kos,KHKOS,registered
351567000.0,CNTAO,cntao,CNTAO,registered
370014000.0,TH LAEM CHABANG,th laem chabang,THLCH,registered
441304000.0,KRMOK,krmok,KRMOK,registered
538007523.0,CN YNT,cn ynt,CNYNT,registered
372627000.0,ID TPP,id tpp,IDTPP,registered
352284000.0,PH BTG,ph btg,PHBTG,registered
563135900.0,TR ISK,tr isk,TRISK,registered
351879000.0,KEMAMAN_  MALAYSIA,kemaman malaysia,MYKEM,registered
352001411.0,KUANTAN,kuantan,MYKUA,registered
374728000.0,TW TPE,tw tpe,TWTPE,registered
356899000.0,KEELUNG,keelung,TWKEL,registered
441456000.0,QA RLF,qa rlf,QARLF,registered
356035000.0,PHBTG,phbtg,PHBTG,registered
355511000.0,PHBTG,phbtg,PHBTG,registered
441113000.0,CN NBG,cn nbg,CNNBG,registered
440997000.0,KR USN,kr usn,KRUSN,registered
440084000.0,TW TAIPEI,tw taipei,TWTPE,registered
352019000.0,CNQDG,cnqdg,CNQDG,registered
215869000.0,GR TSI > TR YAL,tr yal,TRYLA,registered
441588000.0,CN TAO,cn tao,CNTAO,registered
354488000.0,SG SIN,sg sin,SGSIN,registered
440090000.0,SINGAPORE,singapore,SGSIN,registered
370945000.0,KRKPO,krkpo,KRKPO,registered
440116000.0,RABAUL PNG,rabaul png,PGRAB,registered
441989000.0,DURBAN,durban,ZADUR,registered
352980856.0,CN QDG,cn qdg,CNQDG,registered
441996000.0,CN TAO,cn tao,CNTAO,registered
373877000.0,SGSIN,sgsin,SGSIN,registered
352422000.0,PORT KLANG MY,port klang my,MYPKG,registered
372966000.0,KR YOS,kr yos,KRYOS,registered
538007312.0,TH LCH,th lch,THLCH,registered
525200349.0,DUMAI,dumai,IDDUM,registered
440737000.0,"PORT KELANG,MALAYSIA",port kelang malaysia,MYPKG,registered
441838000.0,IDFTG,idftg,IDFTG,registered
538006749.0,CNDJK,cndjk,CNDJK,registered
375271000.0,CN TXG > TH KSI,th ksi,THKSI,registered
538008837.0,VN SGN,vn sgn,VNSGN,registered
441987000.0,TH BKK,th bkk,THBKK,registered
353640000.0,THBKK,thbkk,THBKK,registered
441763000.0,TH LCH,th lch,THLCH,registered
636021689.0,NANTONG,nantong,CNNTG,registered
440113000.0,TH SGZ,th sgz,THSGZ,registered
636020720.0,BUTTERWORTH,butterworth,MYBWH,registered
538008393.0,IN PRT,in prt,INPRT,registered
351246000.0,EGSUE,egsue,EGSUZ,registered
564756000.0,BDCGP,bdcgp,BDCGP,registered
538003757.0,BDCGP,bdcgp,BDCGP,registered
370312000.0,MM-RGN,mm rgn,MMRGN,registered
440774000.0,KR/PUS,kr pus,KRPUS,registered
440269000.0,LKHBA,lkhba,LKHBA,registered
351012000.0,ID MEQ,id meq,IDMEQ,registered
374112000.0,JP SAKAI,jp sakai,JPSAK,registered
538005790.0,BD CGP,bd cgp,BDCGP,registered
405000165.0,CHATTOGRAM,chattogram,BDCGP,registered
372450000.0,COCHIN INDIA,cochin india,INCOK,registered
441688000.0,EG SUZ,eg suz,EGSUZ,registered
563054900.0,SGSIN,sgsin,SGSIN,registered
538009813.0,"PEBGB,SG",pebgb sg,SGSIN,registered
538004070.0,PORT KEMBLA/AU,port kembla au,AUPKL,registered
636021674.0,INPRT,inprt,INPRT,registered
374630000.0,CN FAN,cn fan,CNFAN,registered
440659000.0,TW TXG,tw txg,TWTXG,registered
441867000.0,TW KHH,tw khh,TWKHH,registered
440213000.0,TW MAILIAO,tw mailiao,TWMLI,registered
441556000.0,TW MLI,tw mli,TWMLI,registered
574004920.0,IN VTZ,in vtz,INVTZ,registered
441471000.0,"GANGAVARAM,INDIA",gangavaram india,INGGV,registered
440290000.0,TW KHH,tw khh,TWKHH,registered
355282000.0,TW_KHH,tw khh,TWKHH,registered
563070000.0,INVTZ,invtz,INVTZ,registered
356748000.0,QAUMS>INVTZ,invtz,INVTZ,registered
477158100.0,INVTZ,invtz,INVTZ,registered
441396000.0,USN/KR,usn kr,KRUSN,registered
311064600.0,MUMBAI,mumbai,INBOM,registered
311000624.0,INVTZ,invtz,INVTZ,registered
355465000.0,IN KAK,in kak,INKAK,registered
441225000.0,INVTZ,invtz,INVTZ,registered
533132142.0,IN CCU,in ccu,INCCU,registered
440404000.0,CN DONGYING,cn dongying,CNDGY,registered
374493000.0,SG SIN,sg sin,SGSIN,registered
538005673.0,SINGAPORE,singapore,SGSIN,registered
441188000.0,IN MAA,in maa,INMAA,registered
636021801.0,BATAAN PHILIPPINES,bataan philippines,PHBTN,registered
241652000.0,IN ENR,in enr,INENR,registered
441668000.0,IN BOM,in bom,INBOM,registered
538004954.0,WEF CN,wef cn,CNWEF,registered
353904000.0,CN TXG,cn txg,CNTXG,registered
564032000.0,COLOMBO,colombo,LKCMB,registered
341482000.0,KARACHI,karachi,PKBQM,registered
538008388.0,BRTUB,brtub,BRTUB,registered
352879000.0,EG SUZ,eg suz,EGSUZ,registered
441598000.0,CN LYG,cn lyg,CNLYG,registered
441395000.0,CN-LYG,cn lyg,CNLYG,registered
352975000.0,SG SIN,sg sin,SGSIN,registered
563191000.0,INNML,innml,INNML,registered
538008997.0,CHATTOGRAM,chattogram,BDCGP,registered
370378000.0,SGSIN_EBGC,sgsin ebgc,SGSIN,registered
255806288.0,ROSTOCK,rostock,DERSK,registered
636017983.0,IN BOM,in bom,INBOM,registered
441545000.0,CN YZH,cn yzh,CNYZH,registered
440021000.0,"HAZIRA,INDIA",hazira india,INHZR,registered
538007259.0,INKAT,inkat,INKAT,registered
311064900.0,IN BOM,in bom,INBOM,registered
538007480.0,EGSUE,egsue,EGSUZ,registered
636019187.0,KANDLA IN,kandla in,INIXY,registered
636018057.0,INNSA>INMUN,inmun,INMUN,registered
372516000.0,SGSIN,sgsin,SGSIN,registered
248162000.0,MUNDRA,mundra,INMUN,registered
477001100.0,ITGIT,itgit,ITGIT,registered
538009392.0,INMUN,inmun,INMUN,registered
636021484.0,ITGIT,itgit,ITGIT,registered
352001221.0,NING DE CHINA,ning de china,CNNDE,registered
249799000.0,INOKH>INMRM,inmrm,INMRM,registered
255805893.0,SINGAPORE,singapore,SGSIN,registered
538008224.0,BR SSZ,br ssz,BRSSZ,registered
538007483.0,PKKHI,pkkhi,PKKHI,registered
370755000.0,FUZHOU CHINA,fuzhou china,CNFOC,registered
351714000.0,SG SIN>BR TUB,br tub,BRTUB,registered
440687000.0,CN FOC,cn foc,CNFOC,registered
371321000.0,CN TAC,cn tac,CNTAC,registered
441032000.0,ARMED GUARDS ONBOARD,armed guards onboard,ARMED,registered
374472000.0,COCIE,cocie,COCIE,registered
538004289.0,"DUQM,OMAN",duqm oman,OMDQM,registered
373215000.0,CN NGB,cn ngb,CNNGB,registered
441069000.0,FUJAIRAH>OMSLL,omsll,OMSLL,registered
352898784.0,CJK CHINA,cjk china,CNCJK,registered
538008936.0,SGSIN.,sgsin,SGSIN,registered
538005348.0,SUEZ,suez,EGSUZ,registered
441555000.0,"VN,DNA",vn dna,VNDNA,registered
440105000.0,CN XIU,cn xiu,CNXIU,registered
538004765.0,CNDJK,cndjk,CNDJK,registered
441457000.0,TIANJIN CN,tianjin cn,CNTNJ,registered
351828000.0,AEJEA,aejea,AEJEA,registered
636014381.0,AE KLF,ae klf,AEKLF,registered
354121000.0,KRKAN,krkan,KRKAN,registered
375018000.0,BATAM,batam,IDBTH,registered
311000382.0,FUJAIRAH,fujairah,AEOFJ,registered
249800000.0,INGOI>AEFJR,aefjr,AEFJR,registered
372983000.0,OM SOH,om soh,OMSOH,registered
372997000.0,OMSOH,omsoh,OMSOH,registered
538002955.0,TAICANG,taicang,CNTAG,registered
370093000.0,CN-DONGYING,cn dongying,CNDGY,registered
636019439.0,BR SSZ,br ssz,BRSSZ,registered
352184000.0,BANDAR.ABBASS,bandar abbass,IRSRP,registered
374310000.0,MINA SAQR/UAE,mina saqr uae,AEMSA,registered
538005929.0,DUBAI,dubai,AEDXB,registered
671288100.0,LENGEH,lengeh,IRBDH,registered
305433000.0,MATADI,matadi,CDMAT,registered
356482000.0,SOHAR,sohar,OMSOH,registered
538007830.0,ARMED GUARD O/B,armed guard o b,ARMED,registered
351220000.0,ITAGUAI,itaguai,BRIGI,registered
636018745.0,ITVCE,itvce,ITVCE,registered
538004918.0,CNDJK,cndjk,CNDJK,registered
357770000.0,SGSIN PWBGA,sgsin pwbga,SGSIN,registered
370801000.0,ES TAR,es tar,ESTAR,registered
538006454.0,AL FAW,al faw,GBFAW,registered
373234000.0,ARSLO,arslo,ARSLO,registered
374339000.0,BELAWAN,belawan,IDBLW,registered
441708000.0,AE RUW,ae ruw,AERUW,registered
636021604.0,QA UMS,qa ums,QAUMS,registered
538008305.0,CNDJK,cndjk,CNDJK,registered
538006717.0,JEBEL ALI.UAE,jebel ali uae,AEJED,registered
538005674.0,LK TRR,lk trr,LKTRR,registered
441168000.0,AEJEA,aejea,AEJEA,registered
538006980.0,TH BKK,th bkk,THBKK,registered
567070800.0,SRIRACHA,sriracha,THSRI,registered
538008880.0,SG SIN,sg sin,SGSIN,registered
441562000.0,ULSAN,ulsan,KRUSN,registered
538007438.0,SGSIN,sgsin,SGSIN,registered
440006000.0,CN/HKG,cn hkg,HKHKG,registered
477047900.0,SANDAKAN MALAYSIA,sandakan malaysia,MYSDK,registered
564149000.0,SG PEBG C,sg pebg c,SGSIN,registered
352688000.0,KR KAN,kr kan,KRKAN,registered
374234000.0,ALFAW;IRAQ,alfaw iraq,IQFAO,registered
312026000.0,SO MGQ,so mgq,SOMGQ,registered
440058000.0,TZDAR,tzdar,TZDAR,registered
563015600.0,CAOFEIDIAN CHINA,caofeidian china,CNCFD,registered
538006886.0,SAJED,sajed,SAJED,registered
440188000.0,VN HAP,vn hap,VNHAP,registered
538005355.0,EG ADA,eg ada,EGADA,registered
351699000.0,SGSIN,sgsin,SGSIN,registered
356723000.0,SGSIN,sgsin,SGSIN,registered
440270000.0,SUEZ,suez,EGSUZ,registered
341365000.0,POTI,poti,GEPTI,registered
370783000.0,AEFJR,aefjr,AEFJR,registered
525301854.0,BALIKPAPAN,balikpapan,IDBPN,registered
525019521.0,BALIKPAPAN,balikpapan,IDBPN,registered
636018938.0,"GANGAVARAM, INDIA",gangavaram india,INGGV,registered
538008868.0,CNTAO,cntao,CNTAO,registered
372914000.0,SGSIN,sgsin,SGSIN,registered
563134700.0,ID GRE,id gre,IDGRE,registered
352980780.0,TZ DAR,tz dar,TZDAR,registered
356916000.0,TWMLI,twmli,TWMLI,registered
538006743.0,IDTAR,idtar,IDTAR,registered
441986000.0,ID TAR,id tar,IDTAR,registered
636092476.0,ZANZIBAR,zanzibar,TZMKO,registered
248208000.0,DAR ES SALAAM,dar es salaam,TZDAR,registered
636014190.0,SANTOS,santos,BRSSZ,registered
371051000.0,YANBU SAUDI ARABIA,yanbu saudi arabia,SAYNB,registered
538005960.0,EGSUZ,egsuz,EGSUZ,registered
538008921.0,VIZAG INDIA,vizag india,INVIZ,registered
352001172.0,KHORFAKKAN,khorfakkan,AEKLF,registered
538006921.0,CN HUI,cn hui,CNHUI,registered
351673000.0,ISKENDERUN,iskenderun,TRISK,registered
374584000.0,CNHUI,cnhui,CNHUI,registered
511100389.0,IL/ASH,il ash,ILASH,registered
636019585.0,MURMANSK,murmansk,RUMMK,registered
577312000.0,MERSIN,mersin,TRMER,registered
271044362.0,RU KZP,ru kzp,RUKZP,registered
357736000.0,MYPKG,mypkg,MYPKG,registered
314623000.0,EG SUEZ,eg suez,EGSUZ,registered
511100700.0,HAIFA,haifa,ILHFA,registered
538008302.0,"MERSIN,TURKEY",mersin turkey,TRMER,registered
563136700.0,JO AQJ,jo aqj,JOAQJ,registered
538008935.0,SUEZ,suez,EGSUZ,registered
271046628.0,ID TPP,id tpp,IDTPP,registered
538005048.0,ALEXANDRIA EGYPT,alexandria egypt,EGALY,registered
370011000.0,EG PSD,eg psd,EGPSD,registered
636017874.0,NANSHA,nansha,CNNSA,registered
636019797.0,AUGEX>ZADUR,zadur,ZADUR,registered
314468000.0,OM SOH,om soh,OMSOH,registered
357052000.0,BRSPB,brspb,BRSPB,registered
538005544.0,CHORNOMORSK,chornomorsk,UAILK,registered
371798000.0,EG PSD,eg psd,EGPSD,registered
355147000.0,CNWNZ,cnwnz,CNWNZ,registered
440514000.0,KR INC,kr inc,KRINC,registered
440016000.0,ID GRE,id gre,IDGRE,registered
352101000.0,ISKENDERUN,iskenderun,TRISK,registered
511100492.0,TR DERINCE,tr derince,TRDRC,registered
255806222.0,"DERINCE,TURKEY",derince turkey,TRDRC,registered
370309000.0,TW MLI,tw mli,TWMLI,registered
538009597.0,BR SSZ,br ssz,BRSSZ,registered
440138000.0,DONG NAI VIETNAM,dong nai vietnam,VNDNA,registered
477234600.0,BR GIB,br gib,BRGIB,registered
357159000.0,DONGGUAN_CHINA,dongguan china,CNDGG,registered
441400000.0,KR PTK,kr ptk,KRPTK,registered
370900000.0,CND RO,cnd ro,ROCND,registered
351366000.0,TW MAILIAO,tw mailiao,TWMLI,registered
440370000.0,HAIKOU  CN,haikou cn,CNHAK,registered
538006167.0,ZA ELS,za els,ZAELS,registered
511100603.0,TR IZT,tr izt,TRIZT,registered
373482000.0,CHINA,china,CNSGH,registered
441878000.0,SG SIN,sg sin,SGSIN,registered
636013322.0,TR IST,tr ist,TRIST,registered
525109005.0,KENDAWANGAN,kendawangan,IDKDW,registered
229630000.0,FITOR,fitor,FITOR,registered
440729000.0,VN SONDUONG,vn sonduong,VNSDP,registered
355313000.0,SARTA,sarta,SARTA,registered
538003174.0,VN DNA,vn dna,VNDNA,registered
525119014.0,BALONGAN,balongan,IDBAL,registered
525500863.0,IDCXP,idcxp,IDCXP,registered
574003230.0,VUNG TAU-VIETNAM,vung tau vietnam,VNVUT,registered
567572000.0,"VUNG TAU,VN",vung tau vn,VNVUT,registered
574005670.0,DUNG QUAT,dung quat,VNDQT,registered
372259000.0,GR TSI,gr tsi,GRTSI,registered
373435000.0,SG SIN,sg sin,SGSIN,registered
538005617.0,EAST LONDON,east london,ZAELS,registered
352448000.0,HPH_VN,hph vn,VNHPH,registered
352980854.0,VN HPH,vn hph,VNHPH,registered
352001331.0,HAI PHONG,hai phong,VNHAP,registered
441601000.0,VN>NGH,vnngh,VNNGH,registered
370451000.0,SINGAPORE,singapore,SGSIN,registered
372477000.0,SGSIN,sgsin,SGSIN,registered
351720000.0,CNZHA,cnzha,CNZHA,registered
374241000.0,ESALG,esalg,ESALG,registered
636018906.0,SKAW,skaw,DKSKA,registered
354252000.0,"ULS,KR",uls kr,KRUSN,registered
441964000.0,TW TXG,tw txg,TWTXG,registered
440130000.0,OMQAL=>KRPTK,krptk,KRPTK,registered
538008499.0,PH BTN>>ID PNJ,id pnj,IDPNJ,registered
357298000.0,SARTA>KRYOS,kryos,KRYOS,registered
538008720.0,NONVK,nonvk,NONVK,registered
538004774.0,NO NVK,no nvk,NONVK,registered
372735000.0,TH MAT,th mat,THMAT,registered
477071300.0,SG SIN PEBGC,sg sin pebgc,SGSIN,registered
353953000.0,MY PGU,my pgu,MYPGU,registered
356622000.0,ANYER,anyer,IDANR,registered
636021078.0,ITGIT,itgit,ITGIT,registered
372802000.0,BE ZEE,be zee,BEZEE,registered
441858000.0,MY PGU,my pgu,MYPGU,registered
441946000.0,SGSIN,sgsin,SGSIN,registered
511100562.0,ITBDS,itbds,ITBDS,registered
636021017.0,ITGIT,itgit,ITGIT,registered
373912000.0,CNQZJ,cnqzj,CNQZJ,registered
477534800.0,"PENGERANG,MALAYSIA",pengerang malaysia,MYPGG,registered
636018918.0,NINGBO,ningbo,CNNBO,registered
352761000.0,KRTSN,krtsn,KRTSN,registered
354237000.0,SGP_PGBG,sgp pgbg,SGSIN,registered
538007102.0,"TUBAN,INDONESIA",tuban indonesia,IDTBN,registered
538003172.0,TAIPEI/TAIWAN,taipei taiwan,TWTPE,registered
371964000.0,ZA PLZ,za plz,ZAPLZ,registered
304010851.0,MTMAR,mtmar,MTMAR,registered
353810000.0,ID GRE,id gre,IDGRE,registered
440982000.0,MY KUA,my kua,MYKUA,registered
441317000.0,SINGAPORE,singapore,SGSIN,registered
353641000.0,SG SIN,sg sin,SGSIN,registered
441441000.0,MY-KERTEH,my kerteh,MYKTE,registered
355048000.0,MY KEM,my kem,MYKEM,registered
441156000.0,SI KOP,si kop,SIKOP,registered
440445000.0,SINGAPORE(PWBGA),singapore pwbga,SGSIN,registered
538008045.0,BRPMA,brpma,BRPMA,registered
229675000.0,ITPMA,itpma,ITPMA,registered
538005601.0,SGSIN PEBGC,sgsin pebgc,SGSIN,registered
370567000.0,SEWAL,sewal,SEWAL,registered
440918000.0,SG SIN<PEBGC>,sg sin pebgc,SGSIN,registered
477547200.0,SINGAPORE,singapore,SGSIN,registered
563003940.0,SINGAPORE,singapore,SGSIN,registered
370500000.0,SINGAPORE,singapore,SGSIN,registered
352618000.0,SG PEBGC,sg pebgc,SGSIN,registered
566474000.0,TJG PLPS,tjg plps,MYTPP,registered
563067430.0,SINGAPORE,singapore,SGSIN,registered
373705000.0,MYPGU,mypgu,MYPGU,registered
229596000.0,NLRTM,nlrtm,NLRTM,registered
440205000.0,SGSIN PGBG,sgsin pgbg,SGSIN,registered
538003566.0,ASSPU,asspu,SGSIN,registered
440775000.0,TH BKK,th bkk,THBKK,registered
636020255.0,DOUALA,douala,CMDLA,registered
636018607.0,MYPKG,mypkg,MYPKG,registered
356819000.0,MY PDI,my pdi,MYPDI,registered
440304000.0,MY PKG,my pkg,MYPKG,registered
525400301.0,MY PKG,my pkg,MYPKG,registered
525109006.0,DUMAI,dumai,IDDUM,registered
305380000.0,PORTO VESME,porto vesme,ITPVE,registered
525109009.0,ID DUMAI,id dumai,IDDUM,registered
525107007.0,DUMAI,dumai,IDDUM,registered
311000400.0,HRPLE,hrple,HRPLE,registered
370388000.0,TH BKK,th bkk,THBKK,registered
567067900.0,SRIRACHA,sriracha,THSRI,registered
373855000.0,DEHAM,deham,DEHAM,registered
538007819.0,MY PEN,my pen,MYPEN,registered
441991000.0,TH SRIRACHA,th sriracha,THSRI,registered
354939000.0,BELAWAN ID,belawan id,IDBLW,registered
538009541.0,KRHAS > OMQAL,omqal,OMQAL,registered
241390000.0,RAS TANURA,ras tanura,SARTA,registered
353874000.0,ID BLW,id blw,IDBLW,registered
352402000.0,CN TXG,cn txg,CNTXG,registered
538009552.0,KRINC>QARLF,qarlf,QARLF,registered
538008611.0,KRYOS,kryos,KRYOS,registered
525107014.0,ID PKS,id pks,IDPKS,registered
440077000.0,BD CGP,bd cgp,BDCGP,registered
441943000.0,TH HKT,th hkt,THHKT,registered
538005680.0,SUEZ CANAL,suez canal,EGSCN,registered
636020403.0,BR PNG,br png,BRPNG,registered
373606000.0,KRUSN,krusn,KRUSN,registered
357245000.0,KRUSN,krusn,KRUSN,registered
374901000.0,KR ONS,kr ons,KRONS,registered
370549000.0,BDCGP,bdcgp,BDCGP,registered
441898000.0,IN HALDIA,in haldia,INHAL,registered
567596000.0,MONGLA,mongla,BDMGL,registered
441809000.0,SG SIN,sg sin,SGSIN,registered
354329000.0,BD CGP,bd cgp,BDCGP,registered
374797000.0,HALDIA INDIA,haldia india,INHAL,registered
538008383.0,AE JED,ae jed,AEJED,registered
440145000.0,IN NSA .,in nsa,INNSA,registered
441085000.0,MAPTAPHUT THAILAND,maptaphut thailand,THMTP,registered
440036000.0,IN HZR,in hzr,INHZR,registered
441278000.0,KRPTK,krptk,KRPTK,registered
373336000.0,NANSHA,nansha,CNNSA,registered
538009542.0,KRPTK>OMQAL,omqal,OMQAL,registered
440011000.0,IN CCU,in ccu,INCCU,registered
373129000.0,IDNIP,idnip,IDNIP,registered
441939000.0,CHENNAI INDIA,chennai india,INMAA,registered
440144000.0,IN BOM,in bom,INBOM,registered
538007418.0,NL AMS,nl ams,NLAMS,registered
538005675.0,NLRTM,nlrtm,NLRTM,registered
351446000.0,BE_ZEE,be zee,BEZEE,registered
372062000.0,MYPGG,mypgg,MYPGG,registered
441229000.0,KRCSP>OMQAL,omqal,OMQAL,registered
567025000.0,NL RTM,nl rtm,NLRTM,registered
357216000.0,KR USN,kr usn,KRUSN,registered
538005600.0,BE ANR,be anr,BEANR,registered
636020121.0,SG SIN>> US  FPO,us fpo,USFPO,registered
440625000.0,MY PKG,my pkg,MYPKG,registered
538007362.0,AE RUW,ae ruw,AERUW,registered
370252000.0,PH_BTN,ph btn,PHBTN,registered
636021079.0,ESBCN,esbcn,ESBCN,registered
538006791.0,EGPSD,egpsd,EGPSD,registered
538006693.0,ZAELS,zaels,ZAELS,registered
371319000.0,DEHAM,deham,DEHAM,registered
419001468.0,KANDLA,kandla,INIXY,registered
352260000.0,DEHAM,deham,DEHAM,registered
440150000.0,IN B0M,in b0m,INBOM,registered
441595000.0,IN BOM,in bom,INBOM,registered
441854000.0,HAZIRA  / INDIA .,hazira india,INHZR,registered
538005672.0,DEEME,deeme,DEEME,registered
356712000.0,ESALG>NLRTM,nlrtm,NLRTM,registered
370967000.0,BE ZEE,be zee,BEZEE,registered
441237000.0,"RLF,QA",rlf qa,QARLF,registered
353079000.0,LAGOS,lagos,NGLAG,registered
356721000.0,DALIAN CHINA,dalian china,CNDLC,registered
353085000.0,KRYOS,kryos,KRYOS,registered
563152100.0,NL RTM,nl rtm,NLRTM,registered
354231000.0,AE FJR,ae fjr,AEFJR,registered
351404000.0,NLRTM>BEANR,beanr,BEANR,registered
441629000.0,KRUSN,krusn,KRUSN,registered
219028049.0,AEFJR,aefjr,AEFJR,registered
538009551.0,KRTYG->QARLF,qarlf,QARLF,registered
352001280.0,KANDLA_INDIA,kandla india,INIXY,registered
373838000.0,IQ BSR,iq bsr,IQBSR,registered
229595000.0,FRDKK,frdkk,FRDKK,registered
538005811.0,"KANDLA,IN",kandla in,INIXY,registered
353608000.0,KANDLA,kandla,INIXY,registered
371546000.0,LOME,lome,TGLFW,registered
636018950.0,KARACHI,karachi,PKBQM,registered
636092744.0,ANTWERP,antwerp,USZAQ,registered
518100960.0,HAMRIYAH,hamriyah,AEHAM,registered
371572000.0,SA RTA,sa rta,SARTA,registered
351168000.0,AEFJR,aefjr,AEFJR,registered
518998382.0,AE KLF,ae klf,AEKLF,registered
636017873.0,ARMED GUARD ONBOARD,armed guard onboard,ARMED,registered
538006486.0,BASRAH,basrah,IQMAB,registered
249837000.0,GBTIL,gbtil,GBTIL,registered
304199000.0,ES BCN,es bcn,ESBCN,registered
354159000.0,KR PTK,kr ptk,KRPTK,registered
538007916.0,JPCHB,jpchb,JPCHB,registered
353835000.0,"QINGDAO,CHINA",qingdao china,CNTAO,registered
440209000.0,ES LPA,es lpa,ESLPA,registered
636015414.0,CUDDALORE,cuddalore,INCDL,registered
564284000.0,OMSOH,omsoh,OMSOH,registered
538009637.0,AE FJR,ae fjr,AEFJR,registered
538006816.0,KRUSN,krusn,KRUSN,registered
538008607.0,ESALG,esalg,ESALG,registered
636018582.0,GH TKD,gh tkd,GHTKD,registered
511100610.0,KHAWRFAKKAN,khawrfakkan,AEKLF,registered
477163800.0,FUJAIRAH,fujairah,AEOFJ,registered
356634000.0,AEKLF,aeklf,AEKLF,registered
256601000.0,ESVLC,esvlc,ESVLC,registered
441881000.0,JEBEL ALI,jebel ali,AEJEA,registered
356527000.0,BASRAH,basrah,IQMAB,registered
518100957.0,SHARJAH,sharjah,AESHJ,registered
256677000.0,VALENCIA,valencia,ESVLC,registered
441915000.0,ZADUR,zadur,ZADUR,registered
626061000.0,KHOR AL ZUBAIR-IRAQ,khor al zubair iraq,IQKAZ,registered
563036000.0,SALALAH,salalah,OMSLL,registered
636018059.0,MAPTM,maptm,MAPTM,registered
441243000.0,JEBEL ALI UAE,jebel ali uae,AEJED,registered
371817000.0,SINGAPORE,singapore,SGSIN,registered
353722000.0,AEJEA,aejea,AEJEA,registered
636019318.0,SANTOS,santos,BRSSZ,registered
538007363.0,"JEBEL ALI, UAE",jebel ali uae,AEJED,registered
636019688.0,CASABLANCA.MA,casablanca ma,MACAS,registered
351966000.0,LOME,lome,TGLFW,registered
419001315.0,FUJAIRAH R,fujairah r,AEOFJ,registered
511100588.0,CASABLANCA,casablanca,MACAS,registered
538008381.0,ZHOUSHAN CHINA,zhoushan china,CNZOS,registered
352404000.0,AE JED,ae jed,AEJED,registered
636018610.0,QA RLF,qa rlf,QARLF,registered
351373000.0,CARAMINAL,caraminal,ESZJF,registered
538006922.0,AE RUW,ae ruw,AERUW,registered
538005476.0,SAO LUIS,sao luis,BRSLZ,registered
538005452.0,GBSOU,gbsou,GBSOU,registered
636017981.0,ANTWERP,antwerp,USZAQ,registered
441265000.0,GB NPT,gb npt,GBNPT,registered
440889000.0,MA JFL,ma jfl,MAJFL,registered
538005464.0,ITPVE,itpve,ITPVE,registered
441467000.0,EGPSD,egpsd,EGPSD,registered
355145000.0,PORT SAID,port said,EGPSD,registered
304482000.0,ST TMS>PT LIS,pt lis,PTLIS,registered
354546000.0,"SUEZ,EGYPT",suez egypt,EGSUZ,registered
538004269.0,DE RSK,de rsk,DERSK,registered
538004826.0,TUBARAO,tubarao,BRTTE,registered
441530000.0,SAJBI,sajbi,SAJBI,registered
355554000.0,BRSPB,brspb,BRSPB,registered
538009549.0,SA JUB,sa jub,SAJUB,registered
356905000.0,SA JUB,sa jub,SAJUB,registered
636018105.0,ALGECIRAS,algeciras,ESALG,registered
353825000.0,KRKAN,krkan,KRKAN,registered
370758000.0,IQ BSR,iq bsr,IQBSR,registered
636020189.0,SG PEBGB,sg pebgb,SGSIN,registered
374042000.0,BR SSA,br ssa,BRSSA,registered
538005746.0,BEIRA,beira,MZBEW,registered
636020274.0,CN DAG,cn dag,CNDAG,registered
538008189.0,CNTAO,cntao,CNTAO,registered
538008389.0,CNDJK,cndjk,CNDJK,registered
477234700.0,CNQIN,cnqin,CNQIN,registered
229191000.0,PTLEI,ptlei,PTLEI,registered
209095000.0,NL RTM,nl rtm,NLRTM,registered
636017205.0,YEHOD,yehod,YEHOD,registered
636018606.0,INSIK,insik,INSIK,registered
229610000.0,PTLEI,ptlei,PTLEI,registered
376616000.0,ESAVS,esavs,ESAVS,registered
373572000.0,ZA PLZ,za plz,ZAPLZ,registered
636021022.0,ARM GUARD ONBOARD,arm guard onboard,ARMED,registered
636020665.0,BR SSZ,br ssz,BRSSZ,registered
477884400.0,QINGDAO,qingdao,CNTAO,registered
354341000.0,QINGDAO,qingdao,CNTAO,registered
636020910.0,NOUAKCHOTT,nouakchott,MRNKC,registered
538004720.0,BRPCL,brpcl,BRPCL,registered
538004997.0,BRPCL,brpcl,BRPCL,registered
538008386.0,BRTUB,brtub,BRTUB,registered
441353000.0,SA YNB,sa ynb,SAYNB,registered
255806142.0,ARATU,aratu,BRARB,registered
353397000.0,MR NKC,mr nkc,MRNKC,registered
564798000.0,MALTA,malta,MTDIS,registered
353806000.0,"DANGJIN, KOREA",dangjin korea,KRTJI,registered
538006485.0,VADINAR,vadinar,INVAD,registered
636017734.0,RU TAM,ru tam,RUTAM,registered
636017002.0,SINGAPORE,singapore,SGSIN,registered
374379000.0,"ITAGUAI,BRAZIL",itaguai brazil,BRIGI,registered
538008891.0,ITAQUI,itaqui,BRIQI,registered
477023300.0,BR PMA,br pma,BRPMA,registered
210188000.0,NL RTM - BR ITQ,nl rtm br itq,BRITQ,registered
538006759.0,BRSPB,brspb,BRSPB,registered
538008866.0,BRSPB,brspb,BRSPB,registered
538008387.0,BRPMA,brpma,BRPMA,registered
538004438.0,BRPMA,brpma,BRPMA,registered
355176000.0,BRIGI,brigi,BRIGI,registered
538004844.0,BRITQ,britq,BRITQ,registered
538007414.0,BRRIO,brrio,BRRIO,registered
636017974.0,"PUSAN,KOREA",pusan korea,KRPUS,registered
538004885.0,DAMIETTA,damietta,EGDAM,registered
441115000.0,DE BRV,de brv,DEBRV,registered
441399000.0,UYMVD=>SGSIN,sgsin,SGSIN,registered
374349000.0,MXCAT,mxcat,MXCAT,registered
311000715.0,US MSY,us msy,USMSY,registered
538004396.0,TR BDM,tr bdm,TRBDM,registered
440559000.0,UYMVD,uymvd,UYMVD,registered
565213000.0,IEORK,ieork,IEORK,registered
352781000.0,TR TUZ,tr tuz,TRTUZ,registered
563058900.0,CUMAR,cumar,CUMAR,registered
538008575.0,AR SLO,ar slo,ARSLO,registered
538008468.0,TTPTS,ttpts,TTPTS,registered
271047067.0,TR MER=> TR ALI,tr ali,TRALI,registered
305749000.0,BRSSZ > COCTG,coctg,COCTG,registered
357314000.0,CA SEI,ca sei,CASEI,registered
563156400.0,CASEI,casei,CASEI,registered
311000570.0,CALETA PATILLOS,caleta patillos,CLCAL,registered
271049599.0,BG BOJ > TR BDM,tr bdm,TRBDM,registered
373975000.0,INGGV->ARSLO,arslo,ARSLO,registered
636017886.0,GRAGT,gragt,GRAGT,registered
538007419.0,RECALADA,recalada,ARRDE,registered
352850000.0,POHANG KR,pohang kr,KRKPO,registered
538007784.0,USEWR,usewr,USEWR,registered
374263000.0,COSMR,cosmr,COSMR,registered
248851000.0,AGIO THEODOROI,agio theodoroi,GRAGT,registered
370194000.0,CO SMR,co smr,COSMR,registered
636018056.0,COBAQ,cobaq,COBAQ,registered
563056800.0,ITGOA,itgoa,ITGOA,registered
538007563.0,NLRTM,nlrtm,NLRTM,registered
538009629.0,"CARTAGENA,COLOMBIA",cartagena colombia,COCTG,registered
636016978.0,BSFPO>>>USNYC>>,usnyc,USNYC,registered
538008910.0,"SAN NICOLAS,PERU",san nicolas peru,PESNX,registered
441263000.0,SAN NICOLAS,san nicolas,PESNX,registered
241602000.0,US ORF,us orf,USORF,registered
477305900.0,BSFPO>PACTB,pactb,PACTB,registered
441992000.0,US SSI,us ssi,USSSI,registered
636020259.0,CALLAO PERU,callao peru,PECLL,registered
563145900.0,VALPARAISO/CHILE,valparaiso chile,CLVAP,registered
636021414.0,IT AUG,it aug,ITAUG,registered
440176000.0,USCST,uscst,USCST,registered
441754000.0,PAMIT  >   USSAV,ussav,USSAV,registered
311000705.0,DE BRV,de brv,DEBRV,registered
372857000.0,USSSI,usssi,USSSI,registered
636016988.0,PABLB,pablb,PABLB,registered
538006227.0,CLSAI,clsai,CLSAI,registered
538005521.0,JP YOK,jp yok,JPYOK,registered
538006709.0,MARSAXLOKK,marsaxlokk,MTMAR,registered
538009902.0,AUGHINISH,aughinish,IEAUG,registered
305063000.0,PA BLB,pa blb,PABLB,registered
351034000.0,PA BLB,pa blb,PABLB,registered
563005600.0,ALTAMIRA,altamira,MXATM,registered
477110600.0,US GULF FOR ORDERS,us gulf for orders,USGBZ,registered
636021002.0,US CHS,us chs,USCHS,registered
477691300.0,PORT ELIZABETH,port elizabeth,USPEB,registered
538008304.0,ACAJUTLA EL SALVADOR,acajutla el salvador,SVAQJ,registered
538090601.0,JMKIN,jmkin,JMKIN,registered
371147000.0,US SSI,us ssi,USSSI,registered
249570000.0,COCTG,coctg,COCTG,registered
255806180.0,US MSY,us msy,USMSY,registered
441736000.0,USNYC,usnyc,USNYC,registered
636014465.0,KRTSN,krtsn,KRTSN,registered
636017875.0,LIMBE,limbe,CMLIM,registered
477214400.0,COCO SOLO,coco solo,PACSO,registered
351727000.0,SKIKDA,skikda,DZSKI,registered
636021126.0,CR CAL,cr cal,CRCAL,registered
636015664.0,BSFPO,bsfpo,BSFPO,registered
441985000.0,ES ALG,es alg,ESALG,registered
538008833.0,NL RTM,nl rtm,NLRTM,registered
636018613.0,NLAMS,nlams,NLAMS,registered
538006489.0,NLAMS,nlams,NLAMS,registered
477617300.0,NLRTM,nlrtm,NLRTM,registered
538006181.0,FRLAV,frlav,FRLAV,registered
636016363.0,ANTWERP,antwerp,USZAQ,registered
370902000.0,TG LFW,tg lfw,TGLFW,registered
477639900.0,ESBCN,esbcn,ESBCN,registered
636020258.0,USHOU,ushou,USHOU,registered
224030000.0,TARRAGONA,tarragona,ESTAR,registered
248940000.0,IMMINGHAM,immingham,GBIMM,registered
538005523.0,JORF LASFAR,jorf lasfar,MAJFL,registered
441302000.0,MXATM,mxatm,MXATM,registered
636016036.0,LOME,lome,TGLFW,registered
351841000.0,HK HKG,hk hkg,HKHKG,registered
248897000.0,STANLOW,stanlow,GBSOW,registered
538004148.0,GIBRALTAR,gibraltar,GIGIB,registered
574004850.0,ALGECIRAS,algeciras,ESALG,registered
224447000.0,ARRECIFE,arrecife,ARACF,registered
636015415.0,ES AVS,es avs,ESAVS,registered
636017481.0,PK KHI,pk khi,PKKHI,registered
224365000.0,PT SIE,pt sie,PTSIE,registered
538003277.0,CRISTOBAL,cristobal,PACTB,registered
538004308.0,BISSAU,bissau,GWOXB,registered
538006684.0,DAKAR,dakar,SNDKR,registered
636018611.0,US NYC,us nyc,USNYC,registered
636018612.0,ANTWERP,antwerp,USZAQ,registered
352489000.0,"DAESAN,S.KOREA",daesan s korea,KRTSN,registered
241393000.0,BR ACX,br acx,BRACX,registered
538006745.0,BR ARB,br arb,BRARB,registered
249831000.0,USPGL>TRGEB,trgeb,TRGEB,registered
538005837.0,PORT ELIZABETH,port elizabeth,USPEB,registered
636018123.0,US NYC,us nyc,USNYC,registered
636018605.0,USPEF,uspef,USPEF,registered
356818000.0,USLGB,uslgb,USLGB,registered
538008832.0,CL IQQ,cl iqq,CLIQQ,registered
371558000.0,NEW ORLEANS,new orleans,USMSY,registered
357503000.0,MXCAT,mxcat,MXCAT,registered
371005000.0,NEW HAVEN,new haven,USHVN,registered
538007883.0,CO MAM,co mam,COMAM,registered
538005462.0,CL CNL,cl cnl,CLCNL,registered
636018901.0,NL AMT>MX LZC,mx lzc,MXLZC,registered
477141500.0,QUINTERO,quintero,CLQTV,registered
538006644.0,MAMONAL,mamonal,COMAM,registered
373105000.0,COBUN,cobun,COBUN,registered
538006180.0,US HOU,us hou,USHOU,registered
477110400.0,PA CTB,pa ctb,PACTB,registered
538005911.0,CRISTOBAL,cristobal,PACTB,registered
371086000.0,PACTB,pactb,PACTB,registered
538006744.0,PA BLB,pa blb,PABLB,registered
374219000.0,KRJIP > PABLB,pablb,PABLB,registered
538006179.0,USJAX,usjax,USJAX,registered
538006168.0,"TALARA, PERU",talara peru,PETYL,registered
374369000.0,PACTB,pactb,PACTB,registered
372487000.0,PABLB,pablb,PABLB,registered
370895000.0,KRTYG,krtyg,KRTYG,registered
356159000.0,"MEJILLON,CHILE",mejillon chile,CLMJS,registered
354800000.0,US LCH,us lch,USLCH,registered
538008500.0,NEW ORLEANS,new orleans,USMSY,registered
538005679.0,RIO HAINA,rio haina,DOHAI,registered
441941000.0,MX DBT,mx dbt,MXDBT,registered
563154900.0,JM KIN,jm kin,JMKIN,registered
538006490.0,GTSNJ,gtsnj,GTSNJ,registered
477733900.0,MX ZLO,mx zlo,MXZLO,registered
477185800.0,HN PCR,hn pcr,HNPCR,registered
441344000.0,"ALTAMIRA,MEXICO",altamira mexico,MXATM,registered
374993000.0,KRUSN->PABLB,pablb,PABLB,registered
636018604.0,USHOU,ushou,USHOU,registered
441947000.0,KR USN,kr usn,KRUSN,registered
538007477.0,KRPUS>USTIW,ustiw,USTIW,registered
311064700.0,CL SVE,cl sve,CLSVE,registered
636014220.0,KR PUS,kr pus,KRPUS,registered
372269000.0,PAJARITOS,pajaritos,MXPAJ,registered
355708000.0,PA BLB,pa blb,PABLB,registered
441722000.0,CNHUA,cnhua,CNHUA,registered
441486000.0,KRPUS,krpus,KRPUS,registered
636021081.0,MX ZLO,mx zlo,MXZLO,registered
256037000.0,PAJARITOS,pajaritos,MXPAJ,registered
440117000.0,MXZLO,mxzlo,MXZLO,registered
538005323.0,HOUSTON,houston,USHOU,registered
371915000.0,CORPUS CHRISTI  USA,corpus christi usa,USCRP,registered
477058300.0,MXTUX,mxtux,MXTUX,registered
538009570.0,MXMZT>PABLB,pablb,PABLB,registered
356411000.0,JP ONA,jp ona,JPONA,registered
563141100.0,CA PRR > PA BLB,pa blb,PABLB,registered
636014675.0,US CRP,us crp,USCRP,registered
538005503.0,JP THS,jp ths,JPTHS,registered
477969700.0,USHOU>MXTUX,mxtux,MXTUX,registered
440111000.0,USPDX,uspdx,USPDX,registered
372613000.0,USBNC,usbnc,USBNC,registered
354194000.0,CNTAO,cntao,CNTAO,registered
538006284.0,MXMZT,mxmzt,MXMZT,registered
477141600.0,MX RST,mx rst,MXRST,registered
538008116.0,MX GYM,mx gym,MXGYM,registered
371384000.0,PA BLB,pa blb,PABLB,registered
372172000.0,RST MX,rst mx,MXRST,registered
538005232.0,CL LQN,cl lqn,CLLQN,registered
357336000.0,US SAN,us san,USSAN,registered
538006713.0,KR BOR,kr bor,KRBOR,registered
353642000.0,US PDX,us pdx,USPDX,registered
441718000.0,"MKS,JP",mks jp,JPMKS,registered
373728000.0,KRTSN,krtsn,KRTSN,registered
355658000.0,PABLB,pablb,PABLB,registered
352935000.0,CN XIG,cn xig,CNXIG,registered
355913000.0,CNLYG,cnlyg,CNLYG,registered
357841000.0,BUSAN S.KOREA,busan s korea,KRPUS,registered
353798000.0,MX LZC,mx lzc,MXLZC,registered
538008920.0,CN QDG,cn qdg,CNQDG,registered
356909000.0,PA BLB,pa blb,PABLB,registered
440072000.0,CA KTM,ca ktm,CAKTM,registered
538005910.0,JPKWS,jpkws,JPKWS,registered
440009000.0,KRPUS>PAPAN,papan,IDBPN,registered
357983000.0,KR USN > US NTD,us ntd,USNTD,registered
357403000.0,KRBOR,krbor,KRBOR,registered
255806285.0,JP ETA,jp eta,JPETA,registered
538008561.0,US VAN,us van,USVAN,registered
440101000.0,DUTCH_HARBOR_ALASKA,dutch harbor alaska,USDUT,registered
356410000.0,CANADA VANCOUVER,canada vancouver,CAVAN,registered
356636000.0,>AS PPG,as ppg,ASPPG,registered
370612000.0,KRHAS,krhas,KRHAS,registered
538008012.0,KRYOS,kryos,KRYOS,registered
354662000.0,JP YOK,jp yok,JPYOK,registered
441133000.0,KR PTK,kr ptk,KRPTK,registered
441163000.0,KR BSN/WM,kr bsn wm,KRPUS,registered
354344000.0,INC-DDG,inc ddg,CNDDG,registered
440400170.0,KR BUS,kr bus,KRPUS,registered
351735000.0,WEIHAI,weihai,CNWEI,registered
525012038.0,KALBUT,kalbut,IDKSO,registered
352950000.0,QIN HUANG DAO,qin huang dao,CNSHP,registered
351430000.0,RU NJK,ru njk,RUNJK,registered
636017562.0,KR KAN/WM,kr kan wm,KRKAN,registered
372640000.0,FJ VUD,fj vud,FJVUD,registered
441125000.0,KR PTK,kr ptk,KRPTK,registered
477110700.0,FJ VUD,fj vud,FJVUD,registered
441498000.0,"GLT,AU",glt au,AUGLT,registered
538008831.0,AUMEL,aumel,AUMEL,registered
441563000.0,KRTYG,krtyg,KRTYG,registered
338463000.0,JP YOK OS,jp yok os,JPYOK,registered
370799000.0,"GLADSTONE,AUSTRALIA",gladstone australia,AUGLT,registered
477110500.0,AU NTL > AU GEX,au gex,AUGEX,registered
441659000.0,AUGLT=>KRPTK,krptk,KRPTK,registered
441967000.0,JP YOK,jp yok,JPYOK,registered
440520000.0,JP KWS DU,jp kws du,JPKWS,registered
370408000.0,JP NGO OFF,jp ngo off,JPNGO,registered
440892000.0,JP CHB / OFF,jp chb off,JPCHB,registered
538006666.0,DAESAN,daesan,KRTSN,registered
525500462.0,GRESIK,gresik,IDGRE,registered
441101000.0,>JP KWS,jp kws,JPKWS,registered
441935000.0,CN ZAP,cn zap,CNZAP,registered
440403000.0,JP  MOJ,jp moj,JPMOJ,registered
440052000.0,JP_YKK_IS,jp ykk is,JPYKK,registered
441905000.0,>KR TSN,kr tsn,KRTSN,registered
538009550.0,NIIHAMA,niihama,JPIHA,registered
440149000.0,JP UKB,jp ukb,JPUKB,registered
440736000.0,JP NGO OFF,jp ngo off,JPNGO,registered
353230000.0,JP TSG,jp tsg,JPTSG,registered
441803000.0,>JP MIZ C,jp miz c,JPMIZ,registered
441299000.0,>JP_MIZ/FT,jp miz ft,JPMIZ,registered
374656000.0,>JP IHA OFF,jp iha off,JPIHA,registered
441638000.0,>JP IWK,jp iwk,JPIWK,registered
477110300.0,JP NGO OFF,jp ngo off,JPNGO,registered
370983000.0,KRINC->PABLB,pablb,PABLB,registered
441656000.0,JP MIZ OFF,jp miz off,JPMIZ,registered
441312000.0,JP TKY,jp tky,JPTKY,registered
441203000.0,JP UBJ,jp ubj,JPUBJ,registered
351372000.0,JP YKK OFF,jp ykk off,JPYKK,registered
441354000.0,KR USN,kr usn,KRUSN,registered
441587000.0,KR USN,kr usn,KRUSN,registered
440427000.0,KR USN,kr usn,KRUSN,registered
440470000.0,KR USN,kr usn,KRUSN,registered
441891000.0,USN.KR,usn kr,KRUSN,registered
440250000.0,"KR,USN_WM",kr usn wm,KRUSN,registered
441739000.0,KR USN WM,kr usn wm,KRUSN,registered
440872000.0,KR USN,kr usn,KRUSN,registered
441961000.0,KR PUS,kr pus,KRPUS,registered
371102000.0,KR ULSAN,kr ulsan,KRUSN,registered
574004040.0,ULSAN-S.KOREA,ulsan s korea,KRUSN,registered
440251000.0,KR USN,kr usn,KRUSN,registered
538005718.0,KR/PUS WA,kr pus wa,KRPUS,registered
441862000.0,KR BSN,kr bsn,KRPUS,registered
477969400.0,KR ONS,kr ons,KRONS,registered
538008830.0,KR ONS,kr ons,KRONS,registered
440007000.0,KR ONS,kr ons,KRONS,registered
440432000.0,KR USN,kr usn,KRUSN,registered
441276000.0,KR  USN,kr usn,KRUSN,registered
351991000.0,KR ULSAN,kr ulsan,KRUSN,registered
440824000.0,KR USN,kr usn,KRUSN,registered
440626000.0,BUSAN,busan,KRPUS,registered
440387000.0,KR USN,kr usn,KRUSN,registered
566170000.0,KR USN,kr usn,KRUSN,registered
563727000.0,KR USN,kr usn,KRUSN,registered
441346000.0,KR USN,kr usn,KRUSN,registered
441337000.0,ULSAN,ulsan,KRUSN,registered
440076080.0,KR USN,kr usn,KRUSN,registered
440554000.0,KR  USN  OFF,kr usn off,KRUSN,registered
441169000.0,>KR YOS,kr yos,KRYOS,registered
440637000.0,KR.USN,kr usn,KRUSN,registered
441274000.0,BUSAN,busan,KRPUS,registered
441907000.0,CN CAO,cn cao,CNCFD,registered
440042000.0,JP MUTSURE OFF,jp mutsure off,JPMTR,registered
440351000.0,KR YOS,kr yos,KRYOS,registered
370219000.0,CN CJG,cn cjg,CNCJG,registered
441244000.0,KR USN,kr usn,KRUSN,registered
440168000.0,TW MLI,tw mli,TWMLI,registered
440018000.0,ID BAH,id bah,IDBAH,registered
477112500.0,YEOSU-KR,yeosu kr,KRYOS,registered
441826000.0,KR BUSAN,kr busan,KRPUS,registered
440978000.0,KR PUS,kr pus,KRPUS,registered
440010000.0,KR PUS,kr pus,KRPUS,registered
351605000.0,KR AWL,kr awl,KRAWL,registered
440475000.0,KR MOK,kr mok,KRMOK,registered
440133000.0,JP_NGO,jp ngo,JPNGO,registered
440431000.0,KR USN,kr usn,KRUSN,registered
440132930.0,ULSAN,ulsan,KRUSN,registered
352319000.0,KR YOS,kr yos,KRYOS,registered
441249000.0,JP NGO MN,jp ngo mn,JPNGO,registered
441466000.0,YEOSU KR,yeosu kr,KRYOS,registered
372524000.0,KR YOS,kr yos,KRYOS,registered
441791000.0,YEOSU GS#5,yeosu gs 5,KRYOS,registered
440001000.0,YOSU.KR,yosu kr,KRYOS,registered
351688000.0,KR YOS_OFF,kr yos off,KRYOS,registered
440506000.0,KR YOS,kr yos,KRYOS,registered
440845000.0,KR TSN,kr tsn,KRTSN,registered
440622000.0,KR TSN,kr tsn,KRTSN,registered
374842000.0,KR DAESAN,kr daesan,KRTSN,registered
440169000.0,DAESAN,daesan,KRTSN,registered
354969000.0,KRYOS,kryos,KRYOS,registered
441712000.0,KR INC,kr inc,KRINC,registered
370528000.0,DAESAN,daesan,KRTSN,registered
352906000.0,RU PGN > KR PTK,kr ptk,KRPTK,registered
441998000.0,DAESAN KR,daesan kr,KRTSN,registered
440225000.0,TSN.KR,tsn kr,KRTSN,registered
440048680.0,DSN,dsn,KRTSN,registered
440229000.0,KR TSN,kr tsn,KRTSN,registered
440002440.0,KR:DAESAN,kr daesan,KRTSN,registered
440777000.0,INCHOEN,inchoen,KRINC,registered
440173000.0,KR TSN,kr tsn,KRTSN,registered
441850000.0,>KR DSN,kr dsn,KRTSN,registered
440365000.0,"KR,DSN",kr dsn,KRTSN,registered
574003740.0,DAESAN_KOREA,daesan korea,KRTSN,registered
441634000.0,TW TAIPEI,tw taipei,TWTPE,registered
440564000.0,KR TSN,kr tsn,KRTSN,registered
440789000.0,KR YOS,kr yos,KRYOS,registered
374333000.0,KR AWL,kr awl,KRAWL,registered
440178000.0,KR USN,kr usn,KRUSN,registered
441662000.0,KR DEASAN,kr deasan,KRTSN,registered
440020000.0,KR KUV,kr kuv,KRKUV,registered
477682400.0,SHANGHAI,shanghai,CNSGH,registered
441768000.0,INC KR,inc kr,KRINC,registered
441355000.0,KR USN,kr usn,KRUSN,registered
636020920.0,USGLS>KRTSN,krtsn,KRTSN,registered
441361000.0,TSN KR,tsn kr,KRTSN,registered
441799000.0,"KHH,TW",khh tw,TWKHH,registered
440207000.0,JP MIZ,jp miz,JPMIZ,registered
441926000.0,KR TSN,kr tsn,KRTSN,registered
636019160.0,DAESAN_KR,daesan kr,KRTSN,registered
441102000.0,JP_OSA,jp osa,JPOSA,registered
371660000.0,KR TSN,kr tsn,KRTSN,registered
370795000.0,SG SIN PGBG,sg sin pgbg,SGSIN,registered
372419000.0,TKY JP,tky jp,JPTKY,registered
636021759.0,ZHAPU CN,zhapu cn,CNZAP,registered
354434000.0,TW TXG,tw txg,TWTXG,registered
440306000.0,TW TXG,tw txg,TWTXG,registered
566286000.0,"JIANGYIN,CN",jiangyin cn,CNJGY,registered
441181000.0,KR YOS,kr yos,KRYOS,registered
440184000.0,KR_USN,kr usn,KRUSN,registered
353370000.0,SGSIN,sgsin,SGSIN,registered
440842000.0,CN DLC,cn dlc,CNDLC,registered
538004795.0,CNNTG,cnntg,CNNTG,registered
441372000.0,KR    ULS,kr uls,KRUSN,registered
441210000.0,MY KEM,my kem,MYKEM,registered
441582000.0,AEFJR,aefjr,AEFJR,registered
441509000.0,CN DAG,cn dag,CNDAG,registered
356024000.0,DALIAN,dalian,CNDLC,registered
538007929.0,CN CJK,cn cjk,CNCJK,registered
355188000.0,CN ZAP,cn zap,CNZAP,registered
441504000.0,CN ZJG,cn zjg,CNZJG,registered
441887000.0,YEOSU,yeosu,KRYOS,registered
636019085.0,CNSHD,cnshd,CNSHD,registered
574002910.0,JEBEL ALI UAE,jebel ali uae,AEJED,registered
440237000.0,HIGH SEA,high sea,,51.61 (replaced)
373971000.0,GOLOKAI,golokai,TR104,68.18
353191000.0,AUS TSV,aus tsv,TVFUN,94.27
370672000.0,JP-MYK,jp myk,JPMYK,100.0
636021714.0,PHG_KR,phg kr,KRULL,99.62
440588000.0,>JP KSM OFF/SS,jp ksm off ss,JPKSM,100.0
370855000.0,JP THS JINNO7-1,jp ths jinno7 1,JPTHS,100.0
636016958.0,AU GOV,au gov,AUGOV,100.0
538007082.0,JP TOYAMA,jp toyama,JPTOY,100.0
440344000.0,JP UKB PL14,jp ukb pl14,JPUKB,100.0
351592000.0,"POHANG,KOR",pohang kor,KRKPO,100.0
440070000.0,KR INC <OFF>/ AS,kr inc off as,KRINC,100.0
636021805.0,FUKUYAMA_JP,fukuyama jp,JPFKY,100.0
441485000.0,JP NGO W T2,jp ngo w t2,JPNGO,100.0
441290000.0,>KR KAN/SS,kr kan ss,KRKAN,100.0
441542000.0,JP KNMY YRF,jp knmy yrf,JPHRO,99.52
441636000.0,KR KPO/WA,kr kpo wa,KRKPO,100.0
440835000.0,KR SCH,kr sch,CNHPT,32.93
636020410.0,BUSAN H,busan h,KRPUS,100.0
440054000.0,POHANG 83-A,pohang 83 a,KRKPO,100.0
441690000.0,BUSAN ANCHORAGE N_3,busan anchorage n 3,KRPUS,100.0
441127000.0,KR PUS MB-604,kr pus mb 604,KRPUS,100.0
538006102.0,KRMAS-KRUSN,krmas krusn,KRMAS,100.0
440728000.0,KRTOY,krtoy,TR104,68.18
440631000.0,KR MOKPO/AS,kr mokpo as,KRMOK,100.0
441990000.0,KR KOS,kr kos,KRPUS,82.75
440162000.0,KRPNC,krpnc,TR104,68.18
441823000.0,AU ALH,au alh,AUALH,100.0
373942000.0,KRYOS PSTN3,kryos pstn3,KRYOS,100.0
351665000.0,"HADONG, KOR",hadong kor,KRHDG,100.0
371227000.0,JANGANSEO ANCHORAGE,janganseo anchorage,TRYAK,99.89
372283000.0,KR MPK,kr mpk,KRPUS,78.91
441323000.0,CN CGS/OFF CJK,cn cgs off cjk,CNCJK,100.0
371659000.0,USNTD>CHQDO,chqdo,TR104,68.18
538003616.0,"ZHOUHSHAN,CHINA",zhouhshan china,CNYAN,96.05
440214000.0,RABAUL/P.N.G,rabaul p n g,PGRAB,100.0
441969000.0,NEWCATLE.AUS,newcatle aus,CNSGP,60.79
440026000.0,JP ONA A/S OFF,jp ona a s off,JPONA,100.0
441308000.0,JP-FNB>OFF,off,PHMNL,94.71
441567000.0,JP YOK EA,jp yok ea,JPYOK,100.0
441654000.0,JP YOK EA,jp yok ea,JPYOK,100.0
441347000.0,JPOSA4N,jposa4n,TR104,68.18
441751000.0,JP FKY OFFAS,jp fky offas,JPFKY,100.0
538006061.0,WAITING OP,waiting op,CNGUT,52.66
441415000.0,JP WAM HNO2C,jp wam hno2c,JPWAM,100.0
538006364.0,"HOSAN,KOREA",hosan korea,KRHAS,100.0
440505000.0,KR PUN,kr pun,MYBTN,99.8
538007482.0,BUSAN NEWPORT,busan newport,KRBNP,100.0
355555000.0,OPEN SEA/JF,open sea jf,NOGNE,99.73
372844000.0,"HADONG,D1 ANCH",hadong d1 anch,KRHDG,100.0
440103000.0,KRYOS PSTN3,kryos pstn3,KRYOS,100.0
440750000.0,JP OIP OFF/AS,jp oip off as,JPOIP,99.94
538008860.0,PTK.KOR,ptk kor,KRPTK,100.0
373338000.0,KR DANGJIN A/S,kr dangjin a s,KRTJI,100.0
440642000.0,CHN SHD,chn shd,CNSHD,100.0
370448000.0,CN XIUSHANDAOWAI,cn xiushandaowai,CNYGS,69.8
354985000.0,ID BDH,id bdh,IRBDH,99.95
352001196.0,DLC,dlc,CNDLC,100.0
441952000.0,TSNCN,tsncn,CNTSN,68.18 (replaced)
374172000.0,YAN TAI,yan tai,CNYAT,100.0
373797000.0,HKG,hkg,HKHKG,100.0
538009336.0,PH LUE,ph lue,PHMNL,97.36
477942500.0,LONG KOU,long kou,ITGNA,98.3
414497000.0,JIANG YIN,jiang yin,CNJGY,99.98
441737000.0,CH ZJG,ch zjg,CNZJG,100.0
441596000.0,PH PRO,ph pro,PHPRO,100.0
636021715.0,BATANGAS-PHI,batangas phi,PHBTG,100.0
373117000.0,SHANHAIGUAN SHIPYARD,shanhaiguan shipyard,CNSHH,94.24
353245000.0,YANGZHOU PORT,yangzhou port,CNYZH,100.0
538004553.0,OPL ANCHORAGE,opl anchorage,,37.16 (replaced)
667001498.0,CH NDG,ch ndg,TRPEN,42.88
441903000.0,"DJN,KOR",djn kor,KRDJN,99.97
525200281.0,BERAU SUARAN,berau suaran,IDSUA,99.99
538007440.0,CN XGG,cn xgg,CNYGS,69.8
441781000.0,JP CHB OFF A/S,jp chb off a s,JPCHB,100.0
538007506.0,WASHINGTON CA USA,washington ca usa,NOKMY,99.99
538007210.0,AUS NTL,aus ntl,AUNTL,100.0
441293000.0,"PUSAN NEW PORT,KOREA",pusan new port korea,KRBNP,100.0
477191700.0,CALABAI,calabai,TR104,68.18
371002000.0,BUS,bus,GEBUS,100.0
538005898.0,CNHKG     KHKG,cnhkg khkg,HKHKG,100.0
477754100.0,CARRASCAL PH,carrascal ph,PHMNL,98.27
351645000.0,CNNBG ANCH.,cnnbg anch,CNNBG,100.0
636015428.0,GUANGZHOU SHIPYARD,guangzhou shipyard,CNGGZ,96.3
538007229.0,"PHD,AUS",phd aus,CLLTA,99.88
477754300.0,ZAMBALES,zambales,TR104,68.18
441440000.0,HK SE LAMMA ACH,hk se lamma ach,INMUN,88.69
538005877.0,CN BAY<=>KR INC,cn bay kr inc,KRINC,100.0
525200452.0,BERAU,berau,IDBEJ,100.0
440493000.0,SGN,sgn,VNSGN,100.0
440491000.0,CNNNS,cnnns,TR104,68.18
440158000.0,CN ZUH P/S,cn zuh p s,CNZUH,100.0
372181000.0,MY SAM,my sam,MYLMN,89.4
477220800.0,SAMALAJU,samalaju,TR104,68.18
441758000.0,IN NAV,in nav,INNAV,100.0
636015701.0,CN XSA,cn xsa,CNYGS,69.8
355319000.0,DALIAN<=>INCHEON,dalian incheon,KRINC,100.0
538009540.0,CNONW,cnonw,TR104,68.18
356217000.0,VNDAN,vndan,VNDAN,100.0
355928000.0,INC-TAO,inc tao,KRINC,100.0
636021838.0,IDSMR,idsmr,TR104,68.18
372851000.0,VN CMY,vn cmy,VNCMY,100.0
538006981.0,VNHCM,vnhcm,TR104,68.18
353956000.0,TAI CHUNG,tai chung,TWTXG,100.0
355502000.0,TH LCB,th lcb,CNQGY,51.17
525015839.0,ID-TG.JATI,id tg jati,IDSUB,94.03
677023500.0,JABEL. ALI _,jabel ali,TRALI,100.0
370667000.0,JABEL ALI UAE,jabel ali uae,ITALI,99.96
305546000.0,PLSZZ VIA SUEZ,plszz via suez,PLSZZ,95.79
311000552.0,MUARU BERAU,muaru berau,USCHS,90.03
372069000.0,PADANG TIKAR_IDNSA,padang tikar idnsa,IDPDG,100.0
574004720.0,VN QNH,vn qnh,VNQNH,100.0
565222000.0,VNCMP,vncmp,TR104,68.18
354320000.0,SHUAIBAH KUWAIT,shuaibah kuwait,KWKWI,100.0
373108000.0,VUNGTAU,vungtau,VNVUT,100.0
525015919.0,EAST OPL,east opl,,67.88 (replaced)
525100459.0,SALIRA/LBE,salira lbe,TRBZC,94.0
229047000.0,FOR ORDER,for order,,66.04 (replaced)
374028000.0,CN ZAPHU/MN,cn zaphu mn,CNYGS,82.24
356374000.0,PEBGB,pebgb,,100.0 (replaced)
352094000.0,ID TANJUNG_BUYUT,id tanjung buyut,IDTAN,100.0
356827000.0,IN NAV,in nav,INNAV,100.0
441962000.0,SGSIN(ESPA),sgsin espa,SGSIN,100.0
477065500.0,"SUNGAI PAKNING,INDO",sungai pakning indo,IDSEQ,100.0
354747000.0,TANJUNG BUTON,tanjung buton,TRKRB,93.43
377531000.0,KOHSICHANG,kohsichang,THKSI,100.0
636017982.0,ORDER,order,,96.35 (replaced)
210396000.0,SGSIN AEBA,sgsin aeba,SGSIN,100.0
212745000.0,SIN SG PEBGB,sin sg pebgb,SGSIN,100.0
271048031.0,INHZA,inhza,INHZA,100.0
440294000.0,CHITTAGONG ANCORAGE,chittagong ancorage,BDCGP,100.0
352561000.0,KHSG,khsg,TWKHH,100.0
636017480.0,SGSING>TWKHH    (B_C,twkhh b c,TWKHH,100.0
574002320.0,RABON_PHILIPPIES,rabon philippies,MXRBG,99.71
352546000.0,"PORT LINCOLN, AU",port lincoln au,AUPLO,100.0
441025000.0,"BATAAN,PILIPPINES",bataan pilippines,PHBTN,99.99
351486000.0,BATANGAS PHILLIPINES,batangas phillipines,PHBAU,100.0
273296280.0,LKCMB   OPL,lkcmb opl,LKCMB,100.0
636020664.0,SAR RBCT,sar rbct,CNBAN,94.59
441968000.0,CH ZHENJIANG,ch zhenjiang,CNZHE,100.0
353923000.0,TH LCB,th lcb,CNQGY,51.17
354864000.0,SINGAPORE PEBG A,singapore pebg a,SGSIN,100.0
636017090.0,FOR ORDERS,for orders,,98.85 (replaced)
636014221.0,EGSUC,egsuc,GRKGS,86.55
355195000.0,ARMY GUARD ONBOAP,army guard onboap,TRYUM,80.74
414551000.0,BIN QASIM,bin qasim,QASIM,99.15
357061000.0,ZARCB,zarcb,TR104,68.18
538007230.0,DJK,djk,CNDJK,100.0
212841000.0,COGH,cogh,TR104,68.18
405000216.0,ARMS GUARD ON BOARD,arms guard on board,CNQSN,94.88
574004180.0,VUNGTAU-VN,vungtau vn,VNVUT,100.0
477728800.0,ARMED GUARDS ONBORD,armed guards onbord,ARMED,100.0
538003273.0,SG>PGBG,pgbg,,99.99 (replaced)
636016404.0,BIK>IRAN,iran,MALAR,80.26
525108018.0,MAKASAR,makasar,TR104,68.18
471259000.0,RMC,rmc,TR104,68.18
314585000.0,SUEZEG,suezeg,TR104,68.18
538006190.0,STEVIN ROCK<UAE>,stevin rock uae,BOSCH,85.39
636019769.0,SGSIN-BRSSZ,sgsin brssz,BRSSZ,100.0
374731000.0,AESHJ>BHMIN,bhmin,BHMIN,100.0
440832000.0,VN GDU,vn gdu,VNVAG,99.97
440019000.0,RAS AL KHAIR,ras al khair,SARAZ,100.0
525009052.0,BELAWANAKAUHENI,belawanakauheni,TR104,68.18
525201853.0,SEATRIAL,seatrial,,96.89 (replaced)
353667000.0,ARMGUARD ONBOARD,armguard onboard,,100.0 (replaced)
212008000.0,PLGDY,plgdy,PLGDY,100.0
538003831.0,TZ DAR > MZ MPM,mz mpm,MZMPM,100.0
538006923.0,SG EBG-C,sg ebg c,SGSIN,100.0
538007079.0,EGSUC,egsuc,GRKGS,86.55
355778000.0,KHOR FAKKAN ANCH. B,khor fakkan anch b,AEKLF,100.0
341104000.0,JEA,jea,AEJEA,100.0
352001238.0,MY_KTN,my ktn,USGHG,21.4
374230000.0,CALABAR,calabar,NGCBQ,100.0
538009227.0,ZA RCB,za rcb,EGISM,75.03
271044600.0,SAINT NICOLAS,saint nicolas,GRSTN,100.0
538007120.0,ARMGUARD ON BOARD,armguard on board,,59.74 (replaced)
636021110.0,CN ZUHAI,cn zuhai,CNYGS,69.8
518100918.0,MIRI,miri,MYMYY,100.0
441652000.0,JIANGMEN CHINA,jiangmen china,CNJMN,100.0
538005324.0,SG SIG <PGBG>,sg sig pgbg,SGSIN,100.0
248209000.0,YALOVA,yalova,TRYLA,100.0
271000601.0,KARTAL,kartal,TRKAR,100.0
356672000.0,TR KRB,tr krb,TRKRB,100.0
538003255.0,"PGBG,SG",pgbg sg,SGSIN,100.0
636021774.0,ANPING TAIWAN,anping taiwan,TWAPG,100.0
373982000.0,"MERAK,IND",merak ind,IDMRK,100.0
477035600.0,QIN ZHOU CHN,qin zhou chn,CNCNI,52.57
248097000.0,GRLAV,grlav,GRLAV,100.0
351343000.0,ID-LPG,id lpg,EERNG,81.21
440259000.0,HK DG ANCHORAGE,hk dg anchorage,HKHKG,100.0
538008390.0,"GIT,BRAZIL",git brazil,USSAB,98.64
636016902.0,AIII+O1Z0!P H ,aiii o1z0 p h,TRBZC,88.08
538006836.0,NCNOU,ncnou,NCNOU,100.0
441557000.0,BALIKPAPAN IDN,balikpapan idn,IDBPN,100.0
525119175.0,JKT IDN,jkt idn,IDJKT,100.0
441615000.0,SMI-CILEGON,smi cilegon,IDCGN,100.0
241329000.0,KILLINI-POROS,killini poros,AEMSA,48.62
565685000.0,AEBA,aeba,,71.68 (replaced)
215891000.0,LY TIP,ly tip,LYTIP,100.0
533132178.0,EOPL,eopl,,100.0 (replaced)
441888000.0,SGP AWPB,sgp awpb,SGSIN,100.0
636021800.0,SINGAPORE PGBG,singapore pgbg,SGSIN,100.0
565709000.0,AEBC,aebc,,36.82 (replaced)
566218000.0,AEPB,aepb,,68.18 (replaced)
566946000.0,OBH *2A,obh 2a,TRKOR,99.19
574003530.0,PWBGA-SGP,pwbga sgp,SGSIN,100.0
565761000.0,AEPA,aepa,,36.34 (replaced)
441393000.0,SINGAPORE  PEBG-C,singapore pebg c,SGSIN,100.0
440501000.0,SG SGP PWBGA,sg sgp pwbga,SGSIN,100.0
477047800.0,SG SIN <AWP >,sg sin awp,SGSIN,100.0
356471000.0,PEBGC,pebgc,,100.0 (replaced)
232035614.0,MYLAKI GREECE,mylaki greece,GRMYL,100.0
441223000.0,SGSEM,sgsem,SGSEM,100.0
565241000.0,AEPB,aepb,,68.18 (replaced)
305128000.0,POINTE NOIRE,pointe noire,CAPNO,100.0
538003279.0,SINGAPORE PEBGC,singapore pebgc,SGSIN,100.0
352285000.0,T.PELEPAS MLS,t pelepas mls,MYTPP,100.0
373433000.0,FOR ORDER,for order,,66.04 (replaced)
351127000.0,"TANGER, MOROCCO",tanger morocco,MAPTM,99.99
440128000.0,PH MAN,ph man,PHMAN,100.0
533131065.0,DWP NORTH,dwp north,CDBOA,99.34
441386000.0,MY PKL,my pkl,CNSUH,99.89
356307000.0,LUBUK GAUNG,lubuk gaung,ID117,100.0
477185900.0,LUBUK GAUNG,lubuk gaung,ID117,100.0
567604000.0,BKK,bkk,THBKK,100.0
370265000.0,YGN MMR,ygn mmr,USAE6,99.99
525009075.0,KUALANAMU,kualanamu,TR104,68.18
441213000.0,SURATHANI.THAILAND,surathani thailand,RUBLG,94.91
620455000.0,TERMINI IMERESE,termini imerese,ITTRI,100.0
636018034.0,FRCOZ,frcoz,FRCOZ,100.0
205042000.0,SGSIN>RELPT,relpt,RELPT,100.0
357992000.0,ROTTERDAMNETHERLANDS,rotterdamnetherlands,TR104,68.18
371639000.0,AE FUJ(FUJAIRAH),ae fuj fujairah,AEFJR,100.0
373225000.0,FOR ORDER,for order,,66.04 (replaced)
538007794.0,THMPQ,thmpq,TR104,68.18
371464000.0,RAS AL KHAIMA,ras al khaima,ITPNG,93.16
441698000.0,SEMMA,semma,SEMMA,100.0
352310000.0,WAITING FOR ORDERS,waiting for orders,,78.05 (replaced)
374698000.0,TO ORDER,to order,,62.11 (replaced)
341471000.0,SUQUTRA,suqutra,TR104,68.18
341287000.0,FOR ORDERS,for orders,,98.85 (replaced)
373903000.0,HAMRIYA,hamriya,TR104,68.18
305367000.0,GAOWE,gaowe,GAOWE,100.0
372988000.0,DUBAI E ANCHORAGE,dubai e anchorage,AEDXB,100.0
636017013.0,RASLAFFAN,raslaffan,TR104,68.18
636017003.0,FOR ORDERS,for orders,,98.85 (replaced)
538007361.0,RASLAFAN QUATAR,raslafan quatar,TRBZC,94.0
357669000.0,TS AREA,ts area,USOCE,91.78
636019592.0,SINGAPORE PEBGB,singapore pebgb,SGSIN,100.0
355871000.0,LAAYOUNE,laayoune,MAEUN,100.0
371648000.0,PA CBA,pa cba,ROGAL,68.0
563131000.0,PDB GN,pdb gn,FRPDB,100.0
353563000.0,TS AREA,ts area,USOCE,91.78
255801000.0,SH ASI,sh asi,SHASI,100.0
373992000.0,T/S AREA,t s area,FRCLY,42.66
440247000.0,AJB-KSA,ajb ksa,FRAJB,99.95
636014219.0,EGSUC,egsuc,GRKGS,86.55
620906000.0,UAE,uae,TWKHH,99.82
538009513.0,TZ MYW,tz myw,TZMYW,100.0
538008294.0,TRMTS,trmts,TR104,68.18
538008368.0,MZ  POL,mz pol,MZPOL,100.0
441318000.0,DAR ES SALAAM TZN,dar es salaam tzn,TZDAR,100.0
351063000.0,GAC TERRMINAL,gac terrminal,CNASW,92.88
215474000.0,TURKEY FOR ORDERS,turkey for orders,USTKR,98.61
636017206.0,FOR ORDER,for order,,66.04 (replaced)
351332000.0,"WADI FAYRAN,EG",wadi fayran eg,EGWAF,100.0
636021826.0,SULINA,sulina,ROSUL,100.0
563148100.0,USORF^EGSCN,usorf egscn,EGSCN,100.0
563030090.0,FOR_ORDERS,for orders,,98.85 (replaced)
271045665.0,TR DLM,tr dlm,USTKR,98.0
564794000.0,TROIS RIVIERES,trois rivieres,CATRR,100.0
538007374.0,TRIESTE,trieste,ITTRS,100.0
241322000.0,GR_JSY,gr jsy,GRJSY,100.0
511100455.0,HTPLH,htplh,TR104,68.18
311064800.0,USUAC,usuac,TR104,68.18
441343000.0,VSNYC,vsnyc,TR104,68.18
563029200.0,"NEW ORLEANS,USA",new orleans usa,USMSY,100.0
538006226.0,FOR ORDER,for order,,66.04 (replaced)
636015020.0,NEW YORK,new york,USNYC,100.0
563056700.0,PACTB ANCHORAGE,pactb anchorage,PACTB,100.0
538008502.0,ITGEA,itgea,ITGEA,100.0
477201400.0,"VENICE,ITALY",venice italy,MYBNT,47.41
477641800.0,GOTHENBURG SWEDEN,gothenburg sweden,USGHG,100.0
636015400.0,CD BNW,cd bnw,CDBNW,100.0
636013824.0,FOR ORDER,for order,,66.04 (replaced)
370289000.0,CLOV,clov,TR104,68.18
477225800.0,AGIOI THEODOROI,agioi theodoroi,TRIZT,85.91
538003550.0,AMSTERDAM,amsterdam,NLAMS,98.38
248941000.0,SOUTH WOLD,south wold,TRKOR,99.97
636015403.0,FOR ORDER,for order,,66.04 (replaced)
352157000.0,QUETZAL,quetzal,YEADE,62.01
574005270.0,MX SRL,mx srl,MXSRL,100.0
215698000.0,GRANGEMOUTHH,grangemouthh,TR104,68.18
538006773.0,CI ABJ,ci abj,CIABJ,100.0
538006210.0,FLUSHING,flushing,USBOY,100.0
538004147.0,HIGH SEA,high sea,,51.61 (replaced)
357258000.0,DRIFTING,drifting,USADT,95.62
636016362.0,USBAY,usbay,USBAY,100.0
538006742.0,QUEBEC CANADA,quebec canada,CAQUE,100.0
538007896.0,"YABUCOA, P. RICO",yabucoa p rico,PRYAB,99.4
477926500.0,BR SFS,br sfs,BRSFS,100.0
636021437.0,PUERTO RICO,puerto rico,USWAW,94.21
374220000.0,ZONA COMUN,zona comun,TRBZC,94.0
538009512.0,ECUADOR,ecuador,ITMAR,95.76
636018900.0,MANAUS BR MAO,manaus br mao,BRMAO,100.0
372905000.0,STCROIX,stcroix,TR104,68.18
538006160.0,CLQTB,clqtb,TR104,68.18
538006424.0,ARSN ARGENTINA,arsn argentina,TR104,86.04
538006177.0,PABLB<>USCRP,pablb uscrp,TREYP,100.0
477163100.0,CL SNV,cl snv,PGNAP,99.66
538008501.0,USNOA,usnoa,TR104,68.18
248152000.0,USG,usg,TR104,68.18
538007667.0,BY ORDER,by order,,45.55 (replaced)
371782000.0,PORT ARTHUR,port arthur,AUPAU,97.87
354425000.0,US MIS,us mis,USMIS,100.0
636017490.0,USHOUSTON,ushouston,TR104,68.18
538009571.0,GOLA ANCHORAGE,gola anchorage,USANH,62.07
356117000.0,CNLYN,cnlyn,CNLYN,100.0
354130000.0,CARBK,carbk,TR104,68.18
212546000.0,VICTORIA P/STN,victoria p stn,AUBRA,99.39
351480000.0,ROBERTS BANK,roberts bank,CARTB,100.0
374432000.0,CARBK,carbk,TR104,68.18
477534900.0,LAPAZ,lapaz,TR104,68.18
441310000.0,PB BLB,pb blb,PABLB,100.0
440283000.0,PACIFIC OCEAN,pacific ocean,,98.39 (replaced)
441904000.0,USA.D/H AK.,usa d h ak,GBBRX,77.55
538008240.0,HIGH SEA,high sea,,51.61 (replaced)
441178000.0,KR PUS#F-14,kr pus f 14,KRPUS,100.0
355604000.0,GUAM,guam,GUGUM,100.0
441877000.0,POHANG<->ULLEUNG,pohang ulleung,KRULL,100.0
374604000.0,NAURU,nauru,NRINU,99.71
538006178.0,MAILIAO FOR ORDERS,mailiao for orders,TWMLI,100.0
219242000.0,BONYTHON AUS,bonython aus,AUPBY,100.0
538008479.0,PW ROP,pw rop,MPROP,97.68
441201000.0,PACIFIC OCEAN,pacific ocean,,98.39 (replaced)
538003999.0,JP TMK   !>JP AOM,jp aom,JPAOM,100.0
440144280.0,JP.CHB.1ST.E,jp chb 1st e,JPCHB,100.0
441852000.0,JP MIZ MCC NO6,jp miz mcc no6,JPMIZ,100.0
441544000.0,PW MKK,pw mkk,LVVNT,99.44
440243000.0,JP>CHB HS,chb hs,JPCHB,100.0
441083000.0,JP TGO,jp tgo,JPTGO,100.0
440032000.0,>JP NGO>OFF,off,PHMNL,94.71
636021775.0,KROSNWMN,krosnwmn,TR104,68.18
440107000.0,>KR BSN-AS,kr bsn as,KRPUS,100.0
441586000.0,E-1 ANCHR),e 1 anchr,NLZEE,64.48
441890000.0,AS=>HS/JP TKY,hs jp tky,JPTKY,100.0
441497000.0,"BSN,KR",bsn kr,KRPUS,100.0
440183000.0,HIGH  SEA,high sea,,51.61 (replaced)
441958000.0,"N-2 BUSAN ANCHR,SKR",n 2 busan anchr skr,NLRID,63.11
538006366.0,LOS_ANGELES,los angeles,USLAX,99.99
441574000.0,ID BAHODOPI,id bahodopi,IDBAH,100.0
441773000.0,KWANGYANG K/12 OFF,kwangyang k 12 off,KRKWA,100.0
441906000.0,>KR YOR>PCH#1,pch 1,PEPCH,89.02
355616000.0,JEJU/KR,jeju kr,KRCHA,100.0
353700000.0,KRPKT,krpkt,TR104,68.18
566404000.0,ZJG-CN VIA CJK,zjg cn via cjk,CNCJK,100.0
441428000.0,KR KUNSAN,kr kunsan,KRKSN,100.0
538006909.0,KR KUV (KUNSAN),kr kuv kunsan,KRKUV,100.0
441753000.0,"NGB,CH",ngb ch,CNNGB,100.0
441840000.0,TH MAP,th map,FIFAR,98.63
354947000.0,CN TAIZHOU WM,cn taizhou wm,CNTIZ,100.0
441603000.0,CH DAG,ch dag,CNBYQ,94.36
613003406.0,SGP EOPL,sgp eopl,SGSIN,100.0
373729000.0,"PRELUDE, AUSTRAILIA",prelude austrailia,AUPRL,100.0
374904000.0,SARTA-KRONS,sarta krons,KRMOK,93.05
352898774.0,CJK,cjk,CNCJK,100.0
441984000.0,CN TSI,cn tsi,CNTSI,100.0
441839000.0,"NANGTONG,CN",nangtong cn,CNYAN,94.8
357648000.0,KIJANG-IDONESIA,kijang idonesia,IDKIJ,100.0
